a,b,m,n
0,1,5,59
0,1,6,44
0,1,15,39
0,1,30,47
0,2,8,36
0,2,14,25
0,2,14,52
0,2,14,63
0,2,17,21
0,2,30,62
0,4,16,36
0,4,16,49
0,4,33,51
0,5,36,50
0,6,9,34
0,6,11,24
0,6,13,49
0,6,20,33
0,6,49,52
0,6,51,54
0,7,4,33
0,7,30,48
0,8,3,6
0,8,5,36
0,8,10,46
0,8,22,59
0,8,25,37
0,8,52,56
0,9,4,8
0,9,20,54
0,9,52,59
0,10,2,3
0,10,3,48
0,10,4,13
0,10,7,36
0,10,19,43
0,10,29,45
0,11,12,31
0,11,14,50
0,11,21,31
0,11,33,46
0,12,10,42
0,12,11,14
0,12,27,62
0,13,1,62
0,13,3,31
0,13,9,19
0,13,18,37
0,13,19,57
0,13,24,42
0,14,44,56
0,15,4,32
0,15,23,60
0,15,25,47
0,15,30,55
0,15,32,40
0,15,35,51
0,15,48,54
0,16,6,24
0,16,9,13
0,16,32,41
0,16,33,50
0,16,51,54
0,17,35,38
0,17,38,41
0,17,38,48
0,17,46,49
0,18,8,36
0,18,47,62
0,19,6,38
0,19,23,57
0,19,26,38
0,19,30,42
0,20,1,48
0,20,4,14
0,20,11,14
0,20,29,43
0,20,46,63
0,20,49,54
0,21,25,41
0,21,35,45
0,21,51,52
0,22,11,42
0,22,27,55
0,22,35,52
0,22,40,62
0,22,42,45
0,23,5,63
0,23,25,52
0,23,30,40
0,24,6,38
0,24,10,40
0,24,20,40
0,24,23,42
0,25,7,9
0,25,7,46
0,25,9,16
0,25,22,48
0,26,3,14
0,26,5,32
0,26,17,60
0,26,20,53
0,26,31,40
0,27,22,47
0,27,24,56
0,27,29,49
0,27,32,62
0,27,38,62
0,28,8,17
0,28,15,26
0,28,16,56
0,28,24,29
0,28,49,61
0,28,60,61
0,29,5,55
0,29,9,34
0,29,11,41
0,30,4,40
0,30,6,17
0,30,24,63
0,31,4,57
0,31,14,43
0,31,16,29
0,32,5,61
0,32,19,47
0,32,43,59
0,33,5,29
0,33,10,31
0,33,18,22
0,33,42,44
0,33,45,48
0,34,15,23
0,34,21,54
0,35,2,25
0,35,5,9
0,35,17,59
0,35,22,50
0,35,40,42
0,35,40,47
0,36,41,63
0,36,46,51
0,37,2,57
0,37,6,19
0,37,8,55
0,37,17,59
0,37,19,55
0,37,30,33
0,37,48,52
0,37,50,62
0,38,2,60
0,38,8,34
0,38,9,28
0,38,12,20
0,38,21,41
0,38,27,55
0,38,45,47
0,39,8,25
0,39,11,31
0,40,20,45
0,40,25,52
0,41,10,33
0,41,13,31
0,41,37,48
0,41,38,43
0,42,1,30
0,42,4,29
0,42,4,51
0,42,7,13
0,42,10,12
0,42,25,35
0,43,14,29
0,43,15,57
0,43,35,57
0,44,5,28
0,44,8,34
0,44,18,45
0,45,7,9
0,45,14,61
0,45,18,56
0,45,20,57
0,45,31,60
0,46,13,23
0,46,15,16
0,46,27,39
0,46,33,39
0,47,2,38
0,47,9,10
0,47,14,22
0,47,18,62
0,47,33,59
0,47,52,59
0,47,54,58
0,48,27,32
0,48,38,54
0,48,42,53
0,48,44,56
0,48,45,49
0,48,50,54
0,49,4,14
0,49,7,47
0,49,12,50
0,49,24,62
0,49,40,52
0,49,43,60
0,50,7,11
0,50,9,63
0,50,37,54
0,52,3,44
0,52,28,49
0,52,56,62
0,54,14,44
0,54,14,60
0,54,15,33
0,54,20,33
0,55,4,43
0,55,13,34
0,55,33,57
0,55,35,50
0,55,40,47
0,55,42,59
0,56,6,11
0,56,21,29
0,56,51,53
0,57,4,36
0,57,5,36
0,57,12,20
0,57,48,55
0,58,28,36
0,59,12,62
0,59,43,52
0,59,54,60
0,60,1,44
0,60,23,27
0,60,39,49
0,61,17,22
0,61,18,57
0,61,21,27
0,61,27,31
0,61,32,33
0,61,33,41
0,63,1,54
0,63,3,62
0,63,23,36
1,2,4,36
1,2,10,12
1,2,56,63
1,3,2,8
1,3,6,35
1,3,9,29
1,3,32,45
1,4,5,43
1,4,26,29
1,4,34,36
1,4,34,43
1,4,44,46
1,5,3,22
1,5,6,53
1,5,29,35
1,5,34,39
1,5,39,48
1,5,39,55
1,6,3,20
1,6,4,29
1,6,7,27
1,6,9,47
1,6,45,53
1,7,9,10
1,7,10,35
1,7,13,63
1,7,24,28
1,8,3,36
1,8,3,48
1,8,24,26
1,8,25,26
1,8,38,63
1,9,11,58
1,9,16,30
1,9,19,30
1,9,20,63
1,9,36,61
1,10,3,41
1,10,46,53
1,11,2,55
1,11,9,34
1,11,13,19
1,12,3,24
1,12,4,54
1,12,9,56
1,12,22,33
1,12,25,29
1,12,26,52
1,12,28,54
1,13,2,25
1,13,9,49
1,13,19,33
1,13,41,60
1,14,2,20
1,14,10,42
1,14,15,24
1,14,23,55
1,14,27,56
1,15,17,58
1,15,41,46
1,16,31,42
1,16,47,49
1,17,14,36
1,17,26,56
1,17,30,40
1,18,3,31
1,18,15,55
1,18,22,62
1,18,24,30
1,18,26,29
1,18,28,41
1,19,4,52
1,19,10,11
1,19,45,51
1,20,5,33
1,20,8,30
1,20,35,36
1,20,48,57
1,21,5,13
1,21,6,47
1,21,11,53
1,21,19,38
1,22,12,40
1,22,32,51
1,22,39,59
1,23,11,61
1,23,17,33
1,23,18,20
1,23,19,26
1,23,47,55
1,24,36,58
1,25,6,22
1,25,6,32
1,25,21,57
1,26,10,61
1,26,19,63
1,26,27,46
1,26,29,50
1,26,31,32
1,27,3,47
1,27,8,51
1,27,11,28
1,27,18,33
1,27,19,21
1,27,33,44
1,27,38,57
1,27,43,51
1,28,27,56
1,28,38,49
1,29,12,59
1,29,24,35
1,29,36,51
1,29,36,54
1,30,4,19
1,30,17,39
1,30,25,46
1,30,26,58
1,30,40,49
1,31,3,53
1,31,9,34
1,32,3,63
1,32,11,40
1,32,20,53
1,32,22,30
1,32,25,33
1,33,2,27
1,33,3,23
1,33,4,57
1,33,5,17
1,33,23,31
1,33,24,34
1,33,34,39
1,33,47,52
1,34,2,16
1,34,7,14
1,34,9,11
1,34,10,48
1,34,13,32
1,34,23,55
1,34,28,63
1,34,39,54
1,34,50,61
1,34,53,58
1,35,4,27
1,35,19,28
1,35,19,56
1,35,46,60
1,36,14,58
1,36,18,32
1,37,2,13
1,37,5,27
1,37,6,54
1,37,8,50
1,37,29,50
1,37,33,56
1,37,42,57
1,38,4,7
1,38,7,20
1,38,8,12
1,39,7,52
1,39,10,49
1,39,46,61
1,39,48,59
1,40,9,39
1,40,22,35
1,41,11,14
1,41,36,51
1,42,3,45
1,42,20,60
1,42,46,62
1,42,48,52
1,43,5,42
1,43,6,32
1,43,14,20
1,43,18,49
1,43,29,49
1,43,31,54
1,43,41,46
1,44,16,46
1,44,26,56
1,44,38,55
1,44,42,61
1,44,43,61
1,45,5,7
1,45,14,22
1,45,18,19
1,45,30,46
1,45,33,35
1,45,34,43
1,45,46,49
1,46,3,8
1,46,9,29
1,46,15,49
1,46,20,45
1,46,27,52
1,46,29,63
1,46,30,54
1,47,4,17
1,47,4,58
1,47,7,29
1,47,14,58
1,48,11,62
1,49,3,62
1,49,13,43
1,49,50,57
1,50,11,25
1,50,49,62
1,51,35,43
1,52,6,59
1,52,8,15
1,52,31,33
1,52,43,61
1,53,10,26
1,54,2,45
1,54,34,39
1,54,35,61
1,54,53,61
1,55,19,22
1,55,32,57
1,56,17,55
1,56,17,60
1,56,18,40
1,57,10,12
1,57,13,15
1,57,16,30
1,57,16,59
1,57,58,63
1,58,4,16
1,58,4,21
1,58,25,51
1,58,37,55
1,58,56,60
1,58,56,63
1,59,19,31
1,59,21,33
1,60,2,49
1,60,8,62
1,60,11,55
1,60,35,62
1,60,37,58
1,61,9,12
1,61,13,57
1,61,22,60
1,61,25,45
1,61,35,44
1,61,37,53
1,61,45,47
1,62,3,38
1,62,5,42
1,62,15,28
1,63,40,51
1,63,45,49
2,3,15,39
2,3,42,58
2,3,50,52
2,4,3,38
2,4,7,37
2,4,9,23
2,4,10,23
2,4,28,56
2,5,7,39
2,5,18,61
2,5,27,52
2,5,30,38
2,5,35,38
2,5,44,63
2,6,9,38
2,6,17,40
2,6,21,42
2,7,4,22
2,7,19,45
2,7,25,59
2,7,37,55
2,7,42,51
2,8,13,35
2,9,17,26
2,10,8,40
2,10,55,57
2,11,9,46
2,11,17,36
2,11,41,50
2,11,54,57
2,11,56,59
2,12,5,23
2,12,8,9
2,12,22,26
2,12,22,43
2,12,29,62
2,12,58,62
2,13,3,40
2,13,7,27
2,13,10,26
2,13,18,34
2,13,18,56
2,13,27,57
2,13,31,36
2,14,8,60
2,14,25,34
2,14,33,46
2,14,40,53
2,15,30,49
2,16,13,27
2,16,20,58
2,17,4,12
2,17,4,41
2,17,11,57
2,17,55,58
2,18,22,49
2,18,44,62
2,19,9,25
2,19,11,61
2,19,29,60
2,20,7,12
2,20,8,60
2,20,18,25
2,20,27,55
2,20,39,57
2,20,49,62
2,21,4,41
2,21,7,17
2,21,16,33
2,21,22,62
2,22,4,47
2,22,10,48
2,22,24,26
2,22,25,45
2,22,34,47
2,23,24,39
2,23,30,35
2,23,32,40
2,23,58,61
2,24,3,15
2,24,7,51
2,24,16,49
2,24,18,33
2,24,36,53
2,25,6,34
2,25,16,39
2,25,17,60
2,25,24,53
2,25,42,63
2,26,5,58
2,26,5,61
2,26,12,57
2,26,15,30
2,26,18,31
2,27,34,44
2,28,12,61
2,28,18,39
2,28,23,59
2,28,26,43
2,28,39,47
2,28,40,55
2,29,18,38
2,29,38,56
2,29,50,62
2,30,16,32
2,30,18,60
2,30,28,41
2,30,51,57
2,31,5,35
2,31,6,40
2,31,27,44
2,31,29,35
2,31,38,51
2,31,55,63
2,32,4,21
2,32,7,16
2,32,23,27
2,32,24,44
2,32,27,51
2,32,31,52
2,32,31,56
2,32,35,50
2,32,44,48
2,33,31,42
2,34,9,62
2,34,17,23
2,34,55,63
2,35,7,58
2,35,22,37
2,35,23,37
2,35,26,43
2,35,28,60
2,36,11,17
2,36,12,21
2,36,12,44
2,36,14,63
2,36,37,56
2,36,39,41
2,37,20,61
2,38,6,56
2,38,16,53
2,38,23,61
2,38,43,44
2,38,44,52
2,38,46,51
2,39,6,59
2,39,10,14
2,40,9,18
2,40,11,34
2,40,28,58
2,40,45,55
2,40,53,57
2,41,6,11
2,41,14,23
2,41,22,26
2,41,22,61
2,41,25,39
2,41,26,60
2,41,33,61
2,41,33,62
2,41,34,47
2,41,53,59
2,42,25,35
2,43,8,14
2,43,11,16
2,43,16,27
2,43,34,48
2,43,34,52
2,43,47,48
2,44,3,9
2,44,4,6
2,44,11,55
2,44,22,57
2,44,23,45
2,44,35,62
2,44,36,60
2,45,10,41
2,45,13,19
2,45,27,50
2,45,40,52
2,46,6,49
2,46,17,53
2,46,36,48
2,46,37,61
2,47,7,19
2,47,7,43
2,47,12,38
2,47,33,62
2,48,28,44
2,49,3,33
2,49,28,42
2,49,31,52
2,49,38,61
2,50,7,17
2,50,8,57
2,50,27,52
2,50,31,52
2,50,48,49
2,51,12,36
2,51,45,46
2,52,3,26
2,52,58,60
2,53,7,43
2,53,15,30
2,53,15,63
2,53,16,19
2,53,16,62
2,53,22,25
2,53,31,49
2,54,7,47
2,54,40,55
2,55,15,46
2,55,16,46
2,55,16,48
2,55,26,36
2,55,27,32
2,55,28,30
2,55,50,59
2,56,11,50
2,56,28,47
2,56,31,48
2,57,6,17
2,57,6,18
2,57,19,56
2,57,24,61
2,58,15,44
2,58,17,41
2,58,28,63
2,58,35,50
2,59,10,17
2,59,18,51
2,59,27,37
2,59,32,55
2,59,37,56
2,60,18,19
2,60,28,63
2,60,31,63
2,60,34,50
2,60,52,62
2,61,5,50
2,61,10,51
2,61,54,59
2,63,20,60
2,63,28,60
3,4,8,28
3,4,9,15
3,4,33,57
3,4,33,59
3,4,54,61
3,5,17,18
3,5,29,34
3,5,34,54
3,5,40,61
3,6,4,26
3,6,14,26
3,6,24,58
3,6,27,57
3,6,32,60
3,6,34,63
3,7,12,34
3,7,35,63
3,7,55,61
3,8,5,14
3,8,18,32
3,9,20,21
3,9,26,46
3,9,32,53
3,9,47,55
3,10,16,22
3,10,26,57
3,10,29,50
3,10,59,63
3,11,6,16
3,11,12,60
3,11,41,44
3,12,30,34
3,12,41,53
3,12,41,57
3,13,14,47
3,13,31,59
3,14,4,58
3,14,15,56
3,14,24,56
3,14,37,50
3,15,9,14
3,15,24,55
3,15,27,55
3,16,5,19
3,16,10,19
3,16,15,51
3,16,26,60
3,16,39,61
3,17,49,60
3,18,15,58
3,18,22,40
3,19,10,15
3,19,11,58
3,19,33,38
3,20,4,30
3,20,5,6
3,20,8,17
3,20,10,57
3,20,17,19
3,20,30,52
3,21,6,13
3,21,9,54
3,21,15,61
3,21,27,30
3,22,5,23
3,22,11,16
3,22,13,15
3,22,15,23
3,22,17,52
3,22,27,53
3,23,16,53
3,23,38,46
3,23,40,50
3,24,14,48
3,24,16,49
3,24,22,31
3,24,23,40
3,24,40,63
3,25,7,37
3,26,11,40
3,26,29,47
3,26,48,57
3,27,16,25
3,27,21,36
3,27,52,56
3,28,10,55
3,28,12,18
3,28,40,54
3,28,50,53
3,30,11,48
3,30,12,55
3,30,15,59
3,30,19,39
3,30,23,46
3,30,35,43
3,30,52,55
3,31,5,23
3,31,5,53
3,31,13,61
3,31,16,18
3,31,25,37
3,31,33,39
3,31,45,54
3,31,46,53
3,31,48,52
3,32,11,55
3,32,27,29
3,32,40,62
3,32,41,57
3,32,56,60
3,34,8,17
3,34,16,24
3,34,16,40
3,34,17,33
3,35,29,50
3,35,40,50
3,36,4,33
3,36,10,32
3,36,11,51
3,36,17,26
3,37,5,51
3,37,10,16
3,37,16,33
3,39,5,15
3,39,6,10
3,39,14,50
3,39,29,50
3,39,31,61
3,40,10,51
3,40,12,61
3,40,13,36
3,40,32,33
3,40,32,44
3,41,21,40
3,42,5,62
3,42,7,48
3,42,12,14
3,42,23,44
3,42,24,28
3,42,33,54
3,42,41,60
3,43,8,29
3,43,13,45
3,43,31,49
3,43,50,58
3,44,8,10
3,44,52,55
3,45,16,26
3,45,50,53
3,47,9,48
3,47,16,28
3,47,36,63
3,48,4,47
3,48,9,18
3,48,15,57
3,48,34,35
3,49,35,39
3,50,9,58
3,50,26,31
3,50,40,41
3,50,40,56
3,50,53,61
3,51,14,36
3,51,21,44
3,51,21,48
3,51,26,35
3,51,29,57
3,52,14,60
3,52,17,43
3,52,20,22
3,52,22,26
3,52,29,31
3,53,5,9
3,54,7,39
3,54,16,62
3,54,34,57
3,55,46,51
3,55,48,62
3,56,10,36
3,56,29,35
3,56,51,63
3,57,6,46
3,57,11,46
3,57,36,60
3,58,6,47
3,58,7,22
3,58,39,60
3,58,43,44
3,59,10,14
3,59,56,61
3,60,6,20
3,60,7,30
3,60,27,47
3,60,28,55
3,61,11,53
3,61,37,49
3,61,44,57
3,63,23,37
3,63,31,41
3,63,45,57
3,63,48,58
4,6,16,22
4,6,24,60
4,7,9,55
4,7,23,50
4,7,42,57
4,8,12,56
4,8,21,59
4,8,30,36
4,8,38,51
4,9,28,43
4,9,51,54
4,10,7,54
4,10,15,43
4,11,10,54
4,11,31,58
4,11,35,53
4,11,37,56
4,11,54,59
4,12,5,33
4,12,21,47
4,12,28,53
4,12,32,56
4,13,5,53
4,13,7,57
4,13,7,62
4,13,25,26
4,13,30,57
4,13,31,48
4,13,37,38
4,13,37,60
4,13,38,55
4,14,5,16
4,14,8,16
4,14,52,54
4,15,14,31
4,15,25,53
4,16,9,28
4,16,13,30
4,16,13,42
4,16,23,39
4,16,27,49
4,17,11,45
4,17,44,45
4,17,49,57
4,18,10,39
4,19,11,14
4,19,15,49
4,19,23,61
4,20,13,22
4,20,17,42
4,21,6,42
4,21,8,28
4,21,9,14
4,21,15,54
4,21,43,51
4,21,43,61
4,22,28,29
4,22,34,39
4,22,39,43
4,22,45,55
4,23,7,27
4,23,16,21
4,23,18,34
4,23,21,26
4,23,40,53
4,24,11,16
4,24,20,34
4,24,21,40
4,24,25,27
4,24,26,27
4,24,26,36
4,24,37,61
4,24,51,61
4,25,8,11
4,25,11,38
4,25,12,18
4,25,13,31
4,25,15,49
4,25,22,37
4,25,32,59
4,26,9,57
4,26,16,61
4,26,19,38
4,26,27,43
4,26,27,52
4,26,48,60
4,27,9,32
4,27,13,25
4,27,14,15
4,27,18,47
4,28,12,50
4,28,18,61
4,28,37,47
4,28,39,60
4,29,36,48
4,29,43,54
4,30,6,31
4,30,13,62
4,30,16,49
4,30,22,48
4,30,24,32
4,30,32,37
4,31,10,21
4,31,11,33
4,31,20,33
4,31,40,50
4,31,51,58
4,32,8,37
4,32,28,49
4,32,51,52
4,33,13,53
4,33,25,54
4,33,26,60
4,33,40,41
4,34,10,33
4,34,27,44
4,34,39,62
4,35,14,26
4,35,14,58
4,35,27,41
4,36,5,59
4,36,28,52
4,36,40,61
4,37,8,40
4,37,49,55
4,38,13,16
4,38,13,22
4,38,36,42
4,39,18,46
4,39,21,34
4,39,32,58
4,39,36,58
4,39,61,63
4,40,5,37
4,40,24,51
4,40,29,61
4,40,32,57
4,40,41,61
4,40,44,60
4,41,17,27
4,41,21,53
4,41,23,38
4,41,23,52
4,41,26,51
4,42,35,49
4,43,20,63
4,43,21,46
4,43,54,55
4,44,21,23
4,44,24,31
4,44,25,43
4,44,45,55
4,45,9,44
4,46,6,55
4,46,11,62
4,46,17,49
4,46,37,53
4,47,8,22
4,47,14,17
4,47,15,48
4,47,18,35
4,47,21,51
4,47,27,50
4,47,30,32
4,48,27,30
4,49,7,24
4,49,11,23
4,49,13,40
4,49,15,16
4,49,16,20
4,49,17,48
4,49,18,62
4,50,6,31
4,50,16,18
4,50,32,36
4,51,14,54
4,51,17,62
4,51,28,38
4,51,29,50
4,52,9,50
4,52,9,59
4,52,13,19
4,52,41,47
4,52,42,53
4,53,7,31
4,53,8,47
4,53,17,24
4,53,26,44
4,53,40,49
4,54,22,48
4,54,30,48
4,55,7,53
4,55,19,50
4,55,22,45
4,55,27,46
4,55,37,39
4,55,47,49
4,56,8,59
4,56,25,31
4,56,32,51
4,56,55,62
4,57,9,21
4,57,11,20
4,58,8,13
4,58,9,23
4,58,16,18
4,58,16,24
4,58,23,40
4,58,32,40
4,58,47,53
4,59,11,43
4,59,24,46
4,59,27,35
4,59,47,56
4,60,10,14
4,60,20,57
4,61,19,55
4,61,35,57
4,61,40,59
4,61,44,59
4,62,17,40
4,63,10,49
4,63,12,44
4,63,20,49
5,6,23,54
5,6,29,50
5,6,43,47
5,7,6,58
5,7,8,52
5,7,21,54
5,8,16,59
5,8,33,49
5,8,47,52
5,8,54,62
5,9,19,20
5,10,7,44
5,10,8,12
5,10,28,56
5,10,29,56
5,10,40,58
5,11,29,54
5,12,17,51
5,12,24,38
5,13,12,55
5,13,20,29
5,14,15,35
5,14,29,35
5,14,39,61
5,15,6,50
5,15,8,58
5,15,9,38
5,15,13,53
5,15,25,35
5,15,31,60
5,17,10,51
5,17,18,55
5,17,20,22
5,18,12,35
5,18,14,56
5,18,36,41
5,18,48,55
5,19,10,30
5,19,18,43
5,19,20,56
5,20,9,14
5,20,29,36
5,20,39,56
5,21,14,18
5,21,18,63
5,22,16,29
5,22,16,58
5,22,23,61
5,22,30,50
5,22,36,39
5,23,26,55
5,23,36,52
5,24,6,28
5,24,28,59
5,25,12,32
5,25,30,58
5,26,6,63
5,26,7,16
5,26,16,23
5,26,18,28
5,26,30,35
5,26,33,49
5,26,40,52
5,27,10,25
5,27,15,44
5,27,16,41
5,27,31,61
5,27,41,52
5,28,6,15
5,28,16,19
5,28,21,34
5,28,40,50
5,29,7,62
5,29,11,53
5,29,16,23
5,29,18,23
5,29,20,44
5,30,12,48
5,30,23,33
5,30,23,43
5,30,31,57
5,30,56,59
5,31,6,19
5,31,6,36
5,31,6,42
5,31,15,36
5,31,50,57
5,32,8,15
5,32,11,25
5,32,20,34
5,32,31,55
5,32,39,55
5,33,32,51
5,33,34,46
5,33,46,56
5,34,9,52
5,34,15,48
5,34,25,52
5,34,60,61
5,35,30,56
5,36,18,29
5,36,20,41
5,36,27,40
5,36,29,33
5,37,25,62
5,37,28,56
5,37,30,60
5,37,42,51
5,38,15,51
5,39,8,45
5,39,18,37
5,39,26,34
5,39,33,35
5,39,36,41
5,39,60,61
5,40,13,19
5,40,15,54
5,40,28,51
5,40,34,63
5,41,15,20
5,41,47,50
5,42,6,37
5,42,16,46
5,43,22,24
5,43,32,59
5,44,20,52
5,45,9,48
5,45,10,50
5,45,12,15
5,45,26,51
5,45,39,40
5,46,42,63
5,46,59,60
5,47,6,32
5,47,15,55
5,47,26,45
5,48,10,36
5,48,29,63
5,48,38,46
5,49,9,54
5,49,37,40
5,49,55,59
5,50,24,61
5,50,32,55
5,50,40,45
5,51,13,24
5,51,22,62
5,51,34,35
5,52,15,29
5,52,26,54
5,52,31,63
5,54,13,42
5,54,17,40
5,54,18,60
5,54,21,62
5,54,41,57
5,55,46,54
5,56,7,19
5,56,17,47
5,56,40,57
5,56,42,43
5,56,47,53
5,57,13,15
5,57,19,44
5,57,22,47
5,57,27,40
5,57,32,47
5,58,8,26
5,58,10,12
5,59,8,33
5,59,16,32
5,59,19,61
5,59,30,36
5,59,39,40
5,60,8,15
5,60,17,25
5,60,39,58
5,61,13,16
5,61,21,29
5,61,26,40
5,62,22,46
5,62,51,55
5,63,40,55
6,7,19,58
6,7,23,36
6,7,30,39
6,7,36,51
6,7,43,59
6,8,11,29
6,8,16,26
6,8,16,57
6,8,27,34
6,8,29,57
6,8,34,52
6,8,40,55
6,9,28,43
6,9,52,56
6,10,16,30
6,10,21,39
6,10,21,47
6,11,7,55
6,11,15,51
6,11,20,31
6,11,56,60
6,13,17,50
6,14,18,30
6,14,19,38
6,14,23,25
6,14,25,52
6,14,32,51
6,15,16,25
6,15,29,52
6,15,43,49
6,16,20,48
6,16,29,40
6,16,32,35
6,16,52,62
6,17,14,21
6,17,14,44
6,17,16,52
6,17,29,40
6,17,47,61
6,18,7,24
6,18,9,21
6,18,11,42
6,18,23,39
6,18,23,47
6,18,40,44
6,18,43,51
6,19,7,12
6,19,12,59
6,19,21,51
6,19,32,54
6,20,7,31
6,20,8,32
6,20,16,63
6,20,17,37
6,20,19,22
6,20,19,49
6,21,14,39
6,21,16,46
6,21,19,26
6,21,22,29
6,21,50,56
6,21,60,62
6,22,36,61
6,23,16,49
6,23,25,57
6,23,35,46
6,24,20,49
6,24,30,38
6,24,44,58
6,25,18,42
6,25,29,59
6,25,35,38
6,25,54,57
6,26,8,48
6,26,18,47
6,27,11,33
6,27,15,58
6,27,16,46
6,27,18,20
6,27,42,51
6,28,8,54
6,28,42,63
6,28,44,53
6,29,7,39
6,29,13,35
6,29,53,59
6,30,12,53
6,30,28,38
6,30,34,48
6,30,42,55
6,32,8,54
6,32,33,38
6,32,34,48
6,32,56,58
6,33,10,51
6,33,12,55
6,33,13,37
6,33,21,46
6,33,23,47
6,34,8,44
6,34,9,63
6,34,22,48
6,34,39,61
6,35,19,46
6,35,23,43
6,35,37,48
6,36,9,15
6,36,30,31
6,36,35,45
6,36,59,62
6,37,7,20
6,37,13,57
6,37,19,25
6,37,26,45
6,38,9,15
6,38,15,59
6,38,17,54
6,38,19,37
6,39,7,54
6,39,21,44
6,39,23,35
6,39,32,58
6,39,34,58
6,39,44,53
6,40,20,44
6,40,45,51
6,40,57,63
6,41,21,25
6,42,19,40
6,42,24,59
6,42,29,57
6,42,38,48
6,42,52,62
6,43,37,42
6,43,39,60
6,43,41,46
6,44,20,37
6,45,9,49
6,45,15,49
6,45,33,53
6,46,49,55
6,47,34,36
6,48,20,61
6,48,30,45
6,50,14,63
6,50,26,40
6,50,30,57
6,50,31,45
6,50,34,46
6,50,41,60
6,50,54,57
6,51,9,34
6,51,16,39
6,51,17,22
6,51,20,47
6,51,30,58
6,51,35,62
6,51,40,41
6,52,8,38
6,52,16,34
6,53,20,43
6,53,34,63
6,53,46,60
6,54,16,17
6,55,7,17
6,55,10,18
6,55,10,31
6,55,12,52
6,55,19,61
6,55,29,31
6,55,29,35
6,55,35,44
6,55,38,45
6,56,7,32
6,56,11,55
6,56,21,38
6,56,35,61
6,56,38,54
6,57,15,37
6,58,37,63
6,58,38,50
6,58,45,52
6,59,14,48
6,59,26,61
6,59,27,42
6,59,40,63
6,59,49,55
6,60,7,21
6,60,9,59
6,60,12,34
6,60,18,36
6,60,22,27
6,60,40,43
6,60,44,57
6,61,20,62
6,61,48,62
6,62,17,21
6,62,25,47
6,62,26,48
6,63,10,41
6,63,11,48
6,63,19,59
7,8,10,26
7,8,22,52
7,8,24,40
7,8,47,48
7,8,48,55
7,9,8,19
7,9,15,42
7,9,22,50
7,9,33,63
7,9,43,63
7,10,8,15
7,10,13,49
7,10,15,52
7,11,29,44
7,11,40,54
7,12,17,20
7,12,24,25
7,13,31,54
7,13,39,42
7,13,45,52
7,14,10,34
7,14,15,31
7,14,16,18
7,14,27,58
7,14,29,63
7,14,53,63
7,16,8,10
7,16,9,42
7,16,10,30
7,16,11,41
7,16,13,44
7,16,14,39
7,16,22,27
7,16,24,47
7,16,25,54
7,16,47,61
7,17,14,50
7,17,23,50
7,17,43,53
7,18,35,45
7,18,53,56
7,19,15,25
7,19,21,30
7,19,31,34
7,20,18,19
7,20,40,59
7,21,19,44
7,21,24,47
7,21,41,51
7,23,8,42
7,23,40,41
7,24,8,11
7,24,13,46
7,24,15,36
7,24,36,39
7,24,39,44
7,25,12,21
7,25,12,47
7,25,16,42
7,25,26,57
7,25,33,37
7,25,47,52
7,25,53,56
7,26,9,30
7,26,10,36
7,26,15,47
7,26,25,30
7,26,43,60
7,27,31,51
7,27,36,48
7,28,13,27
7,28,26,38
7,28,30,49
7,28,36,51
7,29,15,32
7,29,17,49
7,29,19,40
7,29,34,45
7,30,15,51
7,30,20,21
7,30,38,57
7,30,51,61
7,31,19,63
7,31,20,27
7,31,35,43
7,31,42,46
7,32,11,28
7,32,12,36
7,32,23,40
7,32,27,50
7,32,48,61
7,33,15,25
7,33,15,36
7,33,18,19
7,33,18,25
7,33,27,37
7,33,28,61
7,33,38,44
7,33,39,53
7,34,44,59
7,35,14,43
7,35,24,37
7,36,15,58
7,36,30,39
7,36,42,59
7,37,21,34
7,37,35,52
7,37,36,61
7,37,61,62
7,38,14,26
7,38,29,48
7,38,47,50
7,39,14,27
7,40,14,35
7,40,17,21
7,40,17,36
7,40,25,45
7,40,50,56
7,41,55,63
7,42,14,22
7,42,37,54
7,43,19,26
7,43,23,53
7,44,12,25
7,44,13,46
7,44,18,58
7,44,25,34
7,44,45,57
7,44,46,62
7,44,47,52
7,45,16,21
7,45,22,33
7,45,49,54
7,45,49,56
7,46,11,27
7,46,29,61
7,46,52,60
7,47,13,51
7,47,20,24
7,47,42,51
7,48,14,40
7,48,31,55
7,48,32,36
7,48,34,47
7,48,41,52
7,49,43,57
7,50,13,42
7,50,16,24
7,50,44,46
7,50,49,51
7,51,13,54
7,51,20,44
7,51,26,32
7,51,30,46
7,52,17,22
7,52,23,55
7,52,24,53
7,52,45,62
7,53,16,27
7,53,16,43
7,53,16,62
7,53,20,42
7,53,26,50
7,53,35,38
7,54,20,48
7,54,30,42
7,54,31,51
7,54,32,48
7,54,40,62
7,54,43,48
7,55,8,39
7,55,17,37
7,55,24,28
7,55,24,59
7,55,36,40
7,56,9,48
7,56,26,42
7,57,8,30
7,57,10,14
7,57,11,19
7,57,30,61
7,57,41,44
7,58,12,59
7,58,24,45
7,59,20,50
7,59,29,49
7,60,15,50
7,60,16,57
7,60,20,30
7,60,41,63
7,60,52,54
7,61,12,24
7,61,14,35
7,61,26,31
7,61,31,60
7,61,38,42
7,62,8,11
7,62,9,55
7,63,10,46
7,63,19,58
7,63,40,53
8,9,13,29
8,9,18,32
8,10,18,24
8,10,22,59
8,10,47,56
8,11,23,41
8,11,31,63
8,13,25,31
8,13,51,55
8,14,17,38
8,14,28,42
8,17,18,36
8,17,26,40
8,17,43,58
8,18,9,37
8,18,25,57
8,19,59,62
8,20,11,57
8,20,12,19
8,20,22,40
8,20,31,47
8,20,51,58
8,20,55,63
8,21,10,32
8,21,18,40
8,22,23,26
8,22,25,28
8,22,27,38
8,22,27,55
8,22,31,38
8,22,32,48
8,22,35,59
8,22,38,53
8,23,10,55
8,23,14,39
8,23,39,45
8,23,42,60
8,23,44,57
8,24,9,53
8,24,12,49
8,25,21,61
8,25,32,43
8,26,40,60
8,27,23,47
8,28,18,30
8,28,20,48
8,28,24,54
8,29,9,35
8,29,9,62
8,29,45,54
8,30,10,46
8,30,11,47
8,30,11,55
8,30,32,39
8,30,54,57
8,31,15,27
8,31,17,56
8,31,19,49
8,31,28,42
8,32,10,39
8,32,18,34
8,32,48,59
8,33,10,20
8,33,15,60
8,33,53,58
8,34,10,12
8,34,20,56
8,34,22,51
8,34,28,57
8,34,35,38
8,34,43,52
8,34,58,62
8,35,28,42
8,35,30,40
8,35,55,58
8,36,22,23
8,37,12,18
8,37,15,53
8,37,22,47
8,37,35,49
8,37,47,53
8,38,34,49
8,38,48,59
8,39,25,47
8,39,28,35
8,39,34,55
8,39,37,38
8,40,12,29
8,40,29,46
8,41,22,61
8,41,46,62
8,42,13,44
8,42,23,63
8,43,34,39
8,44,15,24
8,44,17,21
8,44,28,63
8,44,46,52
8,44,52,62
8,45,10,19
8,45,15,19
8,45,30,42
8,45,41,52
8,45,58,61
8,46,14,41
8,46,35,55
8,46,52,55
8,46,56,63
8,47,9,45
8,47,20,50
8,48,9,14
8,48,20,49
8,48,25,58
8,48,27,58
8,48,33,54
8,49,17,20
8,50,10,58
8,50,22,63
8,50,36,38
8,50,36,52
8,51,12,33
8,51,26,56
8,52,11,29
8,53,17,40
8,53,19,59
8,53,20,21
8,53,20,29
8,54,11,13
8,56,41,60
8,57,15,44
8,58,18,63
8,58,19,52
8,58,29,30
8,58,39,59
8,59,9,44
8,59,11,38
8,59,22,40
8,59,31,54
8,60,12,14
8,60,12,56
8,60,15,23
8,60,34,51
8,60,48,61
8,61,15,40
8,61,23,62
8,63,10,26
8,63,10,39
8,63,49,53
8,63,57,61
9,10,12,43
9,10,14,21
9,10,20,45
9,10,38,42
9,11,17,22
9,11,20,43
9,11,46,59
9,11,50,52
9,12,25,43
9,13,10,48
9,13,19,59
9,13,38,41
9,14,10,37
9,14,18,28
9,14,25,40
9,14,37,38
9,15,41,42
9,16,20,42
9,17,11,44
9,17,39,51
9,18,14,17
9,18,14,32
9,18,15,33
9,18,15,57
9,18,21,52
9,18,28,49
9,18,43,60
9,19,27,47
9,19,28,50
9,20,32,58
9,20,43,63
9,20,48,50
9,21,30,63
9,21,43,51
9,22,12,34
9,23,10,40
9,23,10,56
9,23,19,50
9,23,30,50
9,24,11,42
9,24,11,43
9,24,17,53
9,24,38,56
9,25,15,27
9,25,23,32
9,25,31,33
9,25,31,48
9,26,11,32
9,26,21,53
9,26,41,46
9,26,47,53
9,28,23,36
9,29,20,46
9,29,21,25
9,29,30,57
9,29,31,50
9,30,16,39
9,30,42,56
9,32,18,44
9,32,22,49
9,32,23,56
9,32,41,60
9,33,25,47
9,33,30,50
9,33,50,62
9,34,13,47
9,34,26,52
9,34,26,62
9,34,27,31
9,34,30,41
9,34,37,59
9,35,18,54
9,35,22,30
9,35,22,56
9,35,33,48
9,35,48,52
9,36,29,41
9,36,43,48
9,36,46,52
9,37,14,53
9,38,15,43
9,38,17,56
9,39,17,34
9,39,19,32
9,40,10,25
9,40,24,42
9,40,26,43
9,40,43,60
9,41,28,33
9,41,32,56
9,41,34,47
9,41,49,59
9,42,14,41
9,42,36,62
9,43,29,51
9,43,35,62
9,43,46,52
9,44,11,23
9,44,14,49
9,44,14,57
9,44,25,54
9,44,39,59
9,44,45,57
9,44,53,55
9,45,12,49
9,45,13,36
9,45,14,28
9,45,17,63
9,45,34,59
9,45,39,63
9,45,46,51
9,45,48,59
9,46,18,52
9,46,28,62
9,46,37,49
9,46,37,58
9,47,10,18
9,47,17,52
9,47,18,19
9,47,30,60
9,48,20,27
9,48,25,61
9,48,52,58
9,48,58,59
9,49,15,43
9,49,23,42
9,50,19,43
9,50,42,48
9,52,24,49
9,52,48,56
9,52,49,62
9,53,19,48
9,53,22,41
9,53,23,46
9,53,40,50
9,54,21,42
9,54,29,46
9,54,31,49
9,54,53,55
9,55,24,40
9,55,25,44
9,55,27,46
9,55,35,57
9,55,38,44
9,56,13,61
9,56,22,34
9,57,21,28
9,57,24,58
9,57,40,50
9,57,45,49
9,58,10,26
9,58,10,42
9,58,13,20
9,58,21,47
9,58,24,44
9,58,31,43
9,59,29,38
9,60,11,53
9,60,17,24
9,60,19,50
9,61,22,33
9,61,43,52
9,62,24,34
9,62,31,47
9,62,38,60
9,62,49,60
9,63,11,22
9,63,15,38
9,63,35,62
10,11,16,29
10,11,18,60
10,11,24,27
10,11,31,34
10,11,42,51
10,12,34,51
10,12,38,41
10,12,46,51
10,13,12,18
10,13,15,38
10,13,16,43
10,13,19,30
10,13,22,32
10,13,28,52
10,13,40,48
10,14,26,56
10,14,34,42
10,14,36,55
10,15,18,24
10,15,24,40
10,15,25,27
10,15,49,57
10,16,23,36
10,16,61,63
10,17,11,40
10,17,21,59
10,17,26,51
10,18,16,61
10,18,17,28
10,18,20,53
10,18,24,60
10,18,48,55
10,19,22,40
10,19,25,60
10,20,15,63
10,20,49,53
10,21,11,22
10,21,11,29
10,21,11,30
10,21,32,35
10,23,20,27
10,23,20,58
10,23,22,26
10,23,28,39
10,23,28,55
10,23,43,45
10,24,25,63
10,24,37,47
10,25,14,15
10,25,14,62
10,25,31,44
10,26,12,16
10,26,21,22
10,26,24,39
10,26,36,48
10,27,21,29
10,27,23,54
10,27,32,55
10,28,16,35
10,28,29,60
10,28,33,37
10,28,33,53
10,28,37,49
10,28,44,63
10,29,13,31
10,29,22,44
10,29,38,47
10,29,44,51
10,31,14,27
10,31,24,26
10,31,36,49
10,31,40,57
10,32,23,30
10,33,21,28
10,33,32,48
10,34,22,45
10,34,30,35
10,35,16,56
10,35,29,38
10,35,38,61
10,35,42,60
10,35,45,60
10,35,50,59
10,36,14,22
10,36,24,25
10,36,25,57
10,36,32,41
10,37,12,27
10,37,18,32
10,37,26,38
10,37,45,58
10,39,11,47
10,39,13,47
10,39,26,35
10,39,31,60
10,39,38,62
10,39,47,52
10,40,17,62
10,40,31,42
10,41,18,33
10,42,14,17
10,42,17,34
10,42,20,40
10,42,38,46
10,43,38,45
10,43,40,51
10,43,41,45
10,44,36,42
10,44,42,51
10,45,11,25
10,45,30,40
10,45,30,50
10,46,31,33
10,47,37,60
10,47,46,55
10,49,16,60
10,49,18,39
10,49,26,47
10,49,28,51
10,49,29,46
10,49,59,60
10,50,25,31
10,50,39,49
10,51,16,29
10,51,30,49
10,52,36,45
10,53,12,48
10,53,14,52
10,53,15,37
10,53,54,61
10,54,13,56
10,54,31,52
10,55,31,59
10,55,33,34
10,55,38,43
10,55,40,43
10,56,22,63
10,56,33,48
10,59,13,32
10,59,41,60
10,60,18,61
10,60,21,27
10,60,23,33
10,60,39,54
10,60,42,45
10,60,55,63
10,61,14,58
10,61,17,23
10,61,27,40
10,61,28,54
10,61,29,45
10,61,29,57
10,61,31,50
10,61,38,45
10,62,33,46
10,63,13,36
10,63,15,59
11,12,22,29
11,12,41,46
11,13,17,32
11,13,25,56
11,13,38,48
11,14,15,35
11,14,17,41
11,14,21,58
11,14,22,45
11,15,14,41
11,16,17,42
11,16,19,52
11,16,26,32
11,16,33,35
11,16,54,61
11,17,25,53
11,17,28,43
11,18,17,26
11,18,43,63
11,18,50,61
11,19,14,58
11,19,18,28
11,19,25,59
11,19,42,47
11,20,28,54
11,20,37,51
11,21,13,45
11,21,32,34
11,21,32,40
11,22,16,20
11,23,15,39
11,23,18,53
11,23,38,50
11,23,44,50
11,23,52,53
11,23,56,60
11,24,13,59
11,24,26,32
11,24,29,54
11,24,43,47
11,24,58,62
11,25,40,46
11,26,18,38
11,27,17,53
11,27,19,36
11,27,21,44
11,27,23,37
11,27,36,63
11,28,13,63
11,28,22,59
11,28,26,45
11,28,37,53
11,28,44,49
11,29,31,62
11,29,38,39
11,30,12,23
11,30,19,20
11,30,19,24
11,30,34,37
11,31,19,56
11,31,26,42
11,31,26,54
11,31,36,62
11,32,41,47
11,32,42,49
11,33,14,30
11,33,26,36
11,33,43,53
11,33,57,62
11,34,20,53
11,34,26,43
11,34,27,43
11,34,52,56
11,35,20,22
11,35,20,33
11,35,23,56
11,35,40,45
11,35,45,50
11,36,15,20
11,36,35,50
11,37,42,58
11,38,19,35
11,38,24,58
11,39,16,42
11,39,19,60
11,40,17,54
11,40,18,36
11,40,22,33
11,41,13,29
11,41,50,61
11,42,13,62
11,42,22,39
11,42,23,60
11,42,48,60
11,43,21,57
11,43,37,45
11,44,47,55
11,45,23,48
11,45,33,46
11,45,40,54
11,46,12,37
11,46,22,42
11,46,34,39
11,48,16,45
11,48,23,36
11,48,28,44
11,48,30,40
11,48,33,58
11,48,60,63
11,49,20,45
11,50,14,16
11,50,17,24
11,50,42,60
11,51,17,50
11,52,21,26
11,52,45,54
11,52,54,55
11,53,17,32
11,53,19,59
11,53,26,50
11,53,41,45
11,54,14,24
11,54,36,42
11,54,36,53
11,55,15,42
11,56,15,35
11,56,41,49
11,56,46,53
11,57,13,33
11,57,16,53
11,57,29,41
11,57,48,56
11,58,21,59
11,58,32,39
11,59,38,49
11,59,50,63
11,60,16,23
11,60,16,44
11,60,18,62
11,60,25,41
11,60,27,56
11,60,56,58
11,61,24,26
11,61,37,57
11,61,52,59
11,62,12,46
11,62,13,24
11,62,21,45
11,62,24,27
11,62,37,46
11,63,16,53
11,63,22,56
12,13,18,47
12,13,31,56
12,14,13,56
12,14,15,59
12,15,22,60
12,15,24,36
12,15,27,34
12,15,28,42
12,15,38,41
12,16,30,60
12,17,15,56
12,18,20,52
12,18,23,43
12,19,39,41
12,21,13,56
12,21,27,29
12,21,36,58
12,22,18,21
12,22,42,56
12,24,37,63
12,24,45,59
12,25,17,63
12,25,18,57
12,25,21,60
12,25,40,43
12,26,15,53
12,26,23,25
12,27,24,32
12,27,46,49
12,27,46,56
12,27,50,58
12,27,52,59
12,28,36,46
12,29,32,62
12,29,38,58
12,30,33,43
12,31,18,22
12,31,23,57
12,31,26,44
12,31,36,48
12,31,40,48
12,32,20,46
12,32,23,50
12,34,17,32
12,34,43,59
12,35,13,50
12,35,27,33
12,35,33,49
12,35,60,62
12,36,19,60
12,36,21,37
12,37,25,47
12,37,43,53
12,37,51,60
12,38,25,55
12,38,33,41
12,39,27,35
12,39,46,63
12,40,15,21
12,41,16,25
12,41,28,53
12,42,28,30
12,42,43,60
12,43,29,63
12,43,30,40
12,44,13,19
12,44,27,39
12,45,19,52
12,45,33,58
12,45,54,63
12,45,57,61
12,46,20,36
12,46,28,61
12,46,33,50
12,46,37,41
12,46,43,55
12,47,16,37
12,47,18,24
12,47,32,44
12,47,46,51
12,47,49,58
12,48,24,43
12,48,41,58
12,48,42,43
12,49,21,47
12,49,42,50
12,50,13,38
12,50,38,48
12,51,15,38
12,52,14,62
12,53,13,22
12,53,36,57
12,53,39,45
12,54,40,63
12,55,22,33
12,55,22,62
12,55,40,60
12,56,21,60
12,57,26,30
12,57,27,59
12,57,48,59
12,58,14,43
12,58,15,61
12,58,26,30
12,58,36,53
12,58,41,63
12,59,13,40
12,59,30,52
12,59,38,47
12,60,32,51
12,60,53,54
12,61,13,56
12,61,31,47
12,61,34,47
12,61,54,57
12,62,17,44
12,62,18,28
12,62,20,21
12,62,26,56
12,63,15,34
12,63,48,62
13,14,17,38
13,14,53,63
13,15,16,21
13,15,17,49
13,15,20,44
13,15,42,53
13,16,37,55
13,16,38,43
13,16,40,54
13,17,21,27
13,17,23,52
13,17,25,40
13,17,27,42
13,19,24,38
13,19,48,56
13,20,39,42
13,20,47,59
13,21,24,33
13,21,44,61
13,22,14,31
13,22,17,57
13,22,32,34
13,22,39,46
13,23,38,41
13,23,50,57
13,24,16,58
13,24,18,51
13,24,26,31
13,24,31,51
13,25,58,62
13,26,17,52
13,26,32,48
13,26,41,49
13,28,46,51
13,29,23,44
13,29,32,39
13,30,25,39
13,30,26,48
13,30,41,49
13,30,51,59
13,31,19,45
13,31,30,58
13,32,14,51
13,32,19,45
13,32,21,47
13,32,59,62
13,33,16,29
13,33,30,52
13,33,43,63
13,33,45,53
13,34,28,29
13,34,29,35
13,35,26,51
13,35,47,55
13,36,20,41
13,36,27,48
13,37,17,46
13,37,31,32
13,38,34,45
13,38,40,52
13,39,20,55
13,39,26,46
13,39,31,46
13,39,33,59
13,39,35,36
13,39,43,50
13,40,15,62
13,40,35,63
13,40,41,45
13,41,24,29
13,42,19,43
13,42,24,30
13,42,38,59
13,42,46,59
13,43,18,22
13,43,23,31
13,44,34,55
13,44,39,58
13,46,16,39
13,46,18,33
13,46,44,49
13,47,18,37
13,47,40,42
13,47,43,58
13,47,60,63
13,48,24,51
13,48,35,37
13,49,15,25
13,49,33,48
13,49,39,55
13,50,21,49
13,50,24,57
13,50,28,32
13,50,38,49
13,51,18,31
13,52,28,37
13,52,32,41
13,52,38,55
13,52,45,50
13,53,33,39
13,53,52,55
13,54,25,50
13,55,15,54
13,55,23,61
13,55,28,61
13,56,28,30
13,57,16,61
13,57,18,30
13,58,31,50
13,58,47,62
13,59,46,61
13,59,55,60
13,60,25,54
13,61,16,51
13,62,14,63
13,62,18,52
13,62,28,57
13,63,20,27
13,63,22,41
13,63,29,37
14,15,17,18
14,15,23,34
14,15,31,50
14,15,35,39
14,15,38,47
14,15,56,58
14,17,29,46
14,17,32,53
14,18,22,33
14,19,20,50
14,19,20,63
14,19,26,59
14,19,28,51
14,19,51,60
14,20,18,43
14,20,24,33
14,20,35,48
14,21,23,49
14,21,24,37
14,21,43,54
14,21,49,63
14,22,17,57
14,23,20,24
14,23,27,33
14,23,27,49
14,25,41,46
14,26,18,25
14,26,19,39
14,26,22,53
14,26,32,40
14,26,58,60
14,27,19,43
14,27,37,51
14,27,57,63
14,28,22,26
14,29,43,45
14,30,20,40
14,30,21,39
14,30,49,57
14,31,21,25
14,32,39,62
14,33,22,56
14,33,24,35
14,33,35,44
14,33,46,58
14,33,56,57
14,34,21,63
14,34,22,32
14,34,46,54
14,35,16,18
14,35,25,29
14,35,28,39
14,35,37,42
14,36,25,42
14,36,30,62
14,36,52,57
14,36,58,61
14,37,15,54
14,37,16,45
14,37,31,57
14,38,43,57
14,39,23,50
14,40,18,55
14,40,24,54
14,40,28,32
14,40,31,52
14,40,51,59
14,41,29,43
14,43,25,49
14,43,26,63
14,43,29,32
14,44,34,41
14,44,55,57
14,45,22,52
14,45,29,34
14,46,29,55
14,46,45,56
14,47,28,52
14,47,32,50
14,47,46,59
14,47,49,61
14,48,31,51
14,49,20,58
14,49,29,38
14,49,32,58
14,49,38,54
14,49,43,53
14,49,47,58
14,50,24,44
14,51,19,22
14,51,19,52
14,51,23,29
14,52,44,53
14,53,22,46
14,53,36,40
14,54,19,24
14,54,51,60
14,55,25,52
14,55,48,50
14,56,19,35
14,56,23,63
14,56,26,43
14,56,30,33
14,57,17,58
14,57,18,45
14,57,24,62
14,58,60,61
14,60,37,44
14,60,37,51
14,60,41,45
14,61,19,24
14,61,21,38
14,61,41,44
14,61,43,53
14,62,27,35
14,62,51,56
14,63,29,46
15,16,26,59
15,18,17,45
15,18,38,52
15,19,30,51
15,20,28,43
15,20,28,57
15,21,16,44
15,21,26,60
15,21,41,52
15,22,20,21
15,22,32,56
15,22,40,45
15,23,20,55
15,23,24,29
15,24,25,26
15,25,21,58
15,25,29,55
15,26,16,17
15,26,16,38
15,26,38,40
15,27,18,22
15,27,22,61
15,27,23,35
15,28,19,22
15,28,31,63
15,28,38,39
15,28,38,41
15,28,45,62
15,29,32,52
15,29,35,38
15,30,52,54
15,32,16,50
15,32,45,49
15,33,19,24
15,34,17,35
15,34,50,52
15,36,21,63
15,36,26,57
15,36,35,60
15,37,41,56
15,38,25,45
15,38,27,48
15,38,28,48
15,40,32,49
15,40,35,41
15,40,44,59
15,41,42,51
15,41,47,59
15,42,22,35
15,42,31,38
15,42,32,51
15,42,43,48
15,42,44,57
15,43,18,25
15,43,23,27
15,43,29,30
15,43,32,36
15,44,33,52
15,45,19,50
15,45,29,32
15,46,21,56
15,46,25,55
15,46,29,55
15,46,40,58
15,47,24,33
15,47,27,28
15,47,32,38
15,48,31,57
15,48,45,46
15,48,54,59
15,49,48,56
15,49,52,57
15,50,21,62
15,50,25,43
15,50,26,61
15,51,19,58
15,51,21,30
15,51,29,62
15,52,28,40
15,52,33,62
15,52,55,56
15,53,20,49
15,53,25,49
15,53,28,55
15,53,31,45
15,53,49,55
15,54,46,57
15,55,20,23
15,55,30,43
15,55,59,63
15,56,20,21
15,56,21,29
15,56,34,61
15,56,40,55
15,56,41,52
15,56,47,59
15,57,24,28
15,57,55,61
15,58,17,57
15,58,35,62
15,59,19,50
15,59,57,62
15,60,34,40
15,61,24,51
15,61,52,63
15,63,21,49
15,63,29,39
15,63,44,54
15,63,46,50
16,17,27,53
16,18,31,44
16,19,42,52
16,21,28,44
16,21,37,50
16,21,54,62
16,21,58,61
16,22,26,62
16,22,40,42
16,22,42,57
16,22,48,56
16,23,27,49
16,23,28,52
16,23,35,38
16,24,17,54
16,24,18,41
16,25,17,22
16,25,29,47
16,25,35,48
16,25,39,57
16,26,30,42
16,26,34,53
16,26,44,63
16,26,54,55
16,27,35,51
16,27,39,53
16,28,20,52
16,28,40,45
16,28,46,54
16,28,56,58
16,29,24,62
16,29,27,31
16,29,28,53
16,29,47,57
16,29,58,60
16,30,22,56
16,30,29,42
16,30,49,57
16,31,26,45
16,31,46,50
16,32,23,28
16,32,31,53
16,32,57,58
16,33,24,43
16,33,32,35
16,34,33,44
16,34,33,60
16,35,19,32
16,35,34,47
16,35,50,52
16,36,33,52
16,37,17,40
16,37,42,61
16,38,18,59
16,38,25,58
16,38,35,56
16,39,22,62
16,40,17,30
16,40,24,41
16,42,17,40
16,42,32,47
16,42,36,59
16,42,41,49
16,43,23,33
16,44,17,30
16,44,18,20
16,44,21,38
16,44,22,58
16,44,28,55
16,45,28,60
16,47,29,36
16,47,30,43
16,48,25,63
16,48,45,46
16,48,46,60
16,49,44,51
16,49,56,60
16,50,19,63
16,50,21,49
16,50,28,46
16,50,46,54
16,50,48,52
16,51,19,54
16,52,17,36
16,52,24,50
16,52,34,40
16,52,53,60
16,53,24,61
16,53,26,59
16,53,30,36
16,53,38,60
16,53,42,47
16,54,18,48
16,54,22,36
16,55,20,25
16,55,36,62
16,55,47,49
16,55,51,57
16,55,56,62
16,56,20,57
16,56,22,42
16,56,31,41
16,56,49,62
16,57,18,56
16,57,44,62
16,58,24,48
16,58,25,60
16,58,31,55
16,58,37,39
16,58,40,44
16,58,50,63
16,58,52,62
16,59,21,58
16,59,25,39
16,59,33,48
16,59,36,41
16,60,30,34
16,60,33,52
16,60,40,50
16,61,18,63
16,61,33,48
16,61,33,57
16,61,38,43
16,61,45,52
16,62,24,38
16,62,31,40
16,62,46,60
16,63,18,38
16,63,22,43
16,63,32,48
16,63,36,42
17,18,37,62
17,18,41,52
17,20,18,41
17,20,29,57
17,20,39,60
17,20,42,61
17,20,55,60
17,21,18,30
17,21,35,51
17,21,49,61
17,22,44,54
17,23,24,52
17,24,46,63
17,25,36,42
17,26,33,43
17,26,35,63
17,27,60,61
17,28,23,62
17,28,32,44
17,29,23,55
17,29,37,55
17,30,25,60
17,30,31,44
17,30,38,62
17,31,20,53
17,31,23,61
17,31,27,53
17,32,23,59
17,33,41,53
17,35,29,42
17,35,40,56
17,35,46,56
17,36,29,63
17,36,46,56
17,37,28,30
17,37,35,58
17,39,18,35
17,39,42,61
17,41,19,48
17,41,34,37
17,41,36,54
17,42,28,60
17,42,30,45
17,43,24,28
17,43,24,32
17,43,39,47
17,43,56,62
17,44,24,34
17,44,37,41
17,45,27,56
17,46,19,28
17,46,19,54
17,46,24,39
17,46,34,49
17,47,30,42
17,47,38,63
17,47,51,59
17,47,57,63
17,48,24,61
17,48,25,55
17,48,49,60
17,49,33,37
17,50,25,34
17,51,54,58
17,53,27,60
17,53,36,43
17,54,49,61
17,57,31,37
17,58,31,35
17,58,44,54
17,59,24,42
17,60,23,58
17,60,37,49
17,61,37,47
17,62,23,36
17,62,27,59
17,63,23,26
17,63,54,62
18,19,32,48
18,19,40,56
18,20,29,58
18,20,34,48
18,20,38,55
18,21,30,63
18,22,47,61
18,23,40,46
18,24,43,46
18,25,34,53
18,25,36,47
18,25,47,62
18,25,53,55
18,26,54,63
18,27,42,56
18,28,20,41
18,28,21,48
18,28,30,37
18,28,34,47
18,29,22,51
18,29,23,38
18,29,26,34
18,29,34,54
18,29,42,51
18,29,46,62
18,30,23,48
18,30,24,45
18,30,48,53
18,31,41,52
18,34,23,45
18,34,27,49
18,35,24,53
18,36,23,46
18,36,29,30
18,36,44,55
18,36,46,59
18,37,30,59
18,37,42,45
18,38,21,22
18,38,24,44
18,38,44,45
18,39,29,45
18,40,21,33
18,40,26,29
18,41,19,28
18,41,48,50
18,41,50,59
18,41,54,60
18,42,43,47
18,42,48,62
18,43,36,60
18,44,19,56
18,44,21,52
18,44,57,58
18,45,23,36
18,45,38,44
18,45,47,55
18,46,28,34
18,47,22,45
18,48,22,51
18,48,22,58
18,48,36,55
18,49,20,53
18,49,24,41
18,49,25,52
18,49,29,60
18,49,41,50
18,49,44,55
18,50,21,24
18,51,38,49
18,53,32,41
18,53,37,41
18,54,42,62
18,55,24,33
18,56,23,63
18,56,29,39
18,56,31,50
18,56,38,60
18,57,23,27
18,57,25,38
18,57,35,49
18,57,35,55
18,57,36,63
18,58,43,49
18,58,45,63
18,59,31,57
18,59,35,60
18,60,39,51
18,60,40,44
18,61,20,29
18,62,19,38
18,62,31,43
18,62,38,60
18,62,47,55
18,63,19,62
19,20,42,55
19,21,23,53
19,21,25,41
19,21,30,48
19,21,38,58
19,21,54,57
19,23,21,29
19,23,26,56
19,24,42,48
19,24,52,60
19,24,53,58
19,25,27,38
19,26,20,48
19,26,40,45
19,28,46,53
19,30,25,62
19,30,26,56
19,30,37,58
19,31,40,46
19,32,23,44
19,32,38,39
19,33,50,53
19,34,44,58
19,35,25,28
19,35,30,55
19,36,20,60
19,36,35,55
19,36,56,57
19,37,23,44
19,37,28,56
19,37,49,59
19,37,55,62
19,38,26,31
19,38,42,63
19,39,26,44
19,40,34,41
19,40,47,57
19,41,29,42
19,41,32,34
19,42,45,49
19,43,35,37
19,43,37,56
19,43,38,61
19,44,48,58
19,46,36,57
19,47,21,57
19,47,29,46
19,47,32,54
19,47,45,52
19,48,22,26
19,50,27,53
19,51,43,46
19,53,21,39
19,53,24,36
19,54,20,38
19,55,20,28
19,55,29,49
19,56,26,34
19,56,28,39
19,56,30,49
19,56,48,55
19,56,55,60
19,56,57,58
19,57,20,46
19,57,31,35
19,59,30,41
19,59,32,42
19,59,34,53
19,60,25,31
19,61,50,51
19,61,60,62
19,62,49,55
19,63,23,44
20,21,24,50
20,22,23,28
20,22,51,60
20,23,43,52
20,24,21,48
20,24,27,30
20,24,28,47
20,25,30,38
20,25,37,61
20,26,22,42
20,26,22,54
20,26,25,50
20,26,49,56
20,28,22,51
20,28,23,44
20,28,25,54
20,28,36,43
20,28,43,58
20,30,26,56
20,30,40,41
20,30,42,44
20,30,61,62
20,31,22,25
20,31,24,35
20,31,52,60
20,32,29,44
20,32,44,45
20,32,45,57
20,33,31,40
20,34,32,37
20,35,26,43
20,35,37,59
20,35,42,49
20,36,27,49
20,37,22,32
20,37,39,42
20,37,40,62
20,37,49,61
20,38,22,46
20,38,27,57
20,38,32,49
20,38,35,56
20,39,44,62
20,40,21,47
20,41,36,42
20,42,29,34
20,42,48,56
20,43,28,44
20,44,50,62
20,45,30,55
20,46,21,37
20,46,30,54
20,46,44,54
20,47,25,37
20,47,30,55
20,48,42,57
20,49,46,57
20,49,53,62
20,50,46,58
20,51,29,44
20,51,41,57
20,52,24,60
20,52,26,63
20,52,27,34
20,52,42,45
20,52,45,47
20,53,25,51
20,54,28,39
20,55,26,56
20,55,27,33
20,55,50,54
20,56,21,33
20,56,21,63
20,56,24,33
20,56,33,54
20,56,36,41
20,56,46,60
20,57,30,41
20,57,33,61
20,57,37,39
20,58,22,33
20,59,26,53
20,61,39,42
20,62,29,40
20,62,54,57
20,63,24,48
20,63,27,58
20,63,36,47
20,63,41,50
21,22,34,48
21,24,28,34
21,24,37,58
21,24,56,59
21,25,36,59
21,25,38,43
21,25,40,45
21,25,41,53
21,25,49,60
21,26,33,55
21,28,35,50
21,30,42,46
21,32,52,61
21,34,30,61
21,35,29,40
21,36,24,61
21,37,25,30
21,38,23,62
21,38,39,45
21,40,31,55
21,40,37,62
21,41,22,46
21,41,28,47
21,42,31,34
21,43,25,38
21,43,28,47
21,43,45,55
21,43,49,51
21,44,39,48
21,45,44,46
21,46,43,63
21,47,23,54
21,47,35,56
21,47,39,55
21,47,51,59
21,48,33,59
21,48,44,53
21,48,46,57
21,49,30,51
21,49,33,40
21,50,28,43
21,51,25,53
21,51,26,44
21,51,27,38
21,51,40,57
21,51,42,45
21,52,25,62
21,52,27,28
21,53,31,47
21,53,56,60
21,54,33,47
21,54,33,63
21,54,35,58
21,56,24,41
21,56,30,33
21,56,33,61
21,56,40,58
21,56,42,59
21,56,47,58
21,57,24,42
21,57,35,48
21,57,45,56
21,58,22,46
21,58,38,56
21,59,37,58
21,59,40,43
21,60,36,55
21,61,41,60
21,62,24,60
21,63,22,44
21,63,55,57
22,24,26,38
22,25,44,48
22,26,28,59
22,27,29,40
22,28,30,63
22,28,31,55
22,28,33,54
22,28,38,57
22,28,42,47
22,30,27,35
22,30,33,50
22,30,40,48
22,31,62,63
22,32,23,47
22,33,38,61
22,33,47,57
22,34,24,37
22,34,24,51
22,34,37,46
22,35,39,57
22,36,29,53
22,36,31,55
22,36,45,48
22,37,25,63
22,37,29,34
22,37,31,59
22,37,42,46
22,39,38,53
22,41,34,47
22,43,32,50
22,43,39,54
22,43,45,49
22,44,25,34
22,44,26,46
22,44,36,52
22,44,40,62
22,44,45,56
22,45,24,40
22,46,24,56
22,46,41,54
22,47,23,49
22,47,26,29
22,47,31,49
22,47,36,58
22,47,50,55
22,48,27,35
22,49,34,60
22,49,39,58
22,51,42,47
22,51,45,61
22,51,48,58
22,53,34,59
22,54,24,52
22,54,25,36
22,54,45,58
22,55,24,29
22,55,36,49
22,55,47,53
22,56,48,61
22,58,38,59
22,58,43,54
22,59,25,52
22,60,51,54
22,60,52,61
22,61,33,51
22,62,36,59
22,63,47,52
23,25,24,44
23,25,33,45
23,25,41,58
23,27,29,39
23,27,48,49
23,28,31,39
23,29,28,32
23,29,47,63
23,30,39,41
23,30,44,46
23,30,48,49
23,31,39,45
23,31,39,54
23,31,48,58
23,33,32,49
23,34,36,41
23,35,38,63
23,35,39,58
23,36,38,47
23,37,42,45
23,37,46,60
23,38,27,42
23,38,29,59
23,38,32,33
23,38,37,61
23,39,24,59
23,39,32,44
23,39,43,55
23,39,52,61
23,41,27,43
23,41,28,56
23,42,33,52
23,42,35,56
23,42,36,45
23,43,58,62
23,44,46,60
23,45,28,40
23,45,34,40
23,46,24,49
23,48,29,31
23,49,31,35
23,49,31,38
23,50,28,31
23,50,42,61
23,51,40,58
23,52,33,55
23,53,25,41
23,53,36,39
23,53,57,58
23,54,41,48
23,55,26,32
23,55,32,52
23,55,48,53
23,55,49,63
23,56,28,55
23,58,33,39
23,60,32,62
23,61,26,37
23,62,44,55
23,62,48,57
24,25,31,62
24,27,49,52
24,28,25,63
24,28,56,62
24,29,48,55
24,31,32,39
24,31,42,45
24,31,45,63
24,33,44,47
24,33,47,54
24,33,48,52
24,33,48,61
24,34,43,47
24,35,45,62
24,35,50,63
24,36,29,56
24,36,30,37
24,38,32,34
24,38,32,49
24,38,42,43
24,39,33,60
24,40,37,38
24,40,54,60
24,40,58,60
24,40,58,62
24,41,25,46
24,42,27,39
24,43,25,35
24,43,27,57
24,43,34,49
24,43,51,57
24,44,33,36
24,44,33,41
24,44,49,50
24,45,38,61
24,45,39,46
24,45,46,52
24,46,33,36
24,46,34,47
24,46,34,59
24,46,48,52
24,47,38,48
24,48,43,61
24,49,31,36
24,49,31,60
24,49,57,59
24,50,56,62
24,51,25,44
24,51,47,60
24,52,30,42
24,52,39,54
24,53,34,38
24,53,45,58
24,54,27,51
24,54,43,53
24,54,44,53
24,54,48,51
24,54,50,59
24,54,51,61
24,55,39,56
24,56,29,40
24,56,43,49
24,56,45,52
24,57,58,59
24,58,30,46
24,58,42,53
24,59,35,56
24,59,46,61
24,60,33,43
24,60,40,43
24,61,36,45
24,61,37,56
24,61,51,57
24,61,57,59
24,62,32,47
24,63,49,51
25,26,34,54
25,26,42,52
25,27,39,54
25,28,33,39
25,28,45,58
25,29,27,47
25,29,35,39
25,30,49,53
25,31,51,57
25,31,57,59
25,33,31,54
25,33,44,59
25,34,31,43
25,34,49,51
25,35,48,53
25,37,42,60
25,38,41,60
25,38,46,48
25,38,46,59
25,40,33,62
25,41,29,38
25,41,37,44
25,42,36,62
25,44,27,56
25,44,57,62
25,45,26,31
25,45,28,50
25,46,35,54
25,48,29,41
25,48,35,40
25,48,37,39
25,49,34,59
25,50,42,44
25,51,33,59
25,51,41,63
25,53,32,39
25,53,37,50
25,53,54,57
25,57,26,41
25,57,34,54
25,57,43,50
25,57,43,59
25,57,47,61
25,58,27,48
25,61,29,33
25,61,37,50
25,63,34,44
25,63,45,61
26,27,41,49
26,27,54,63
26,28,40,52
26,28,48,49
26,30,38,55
26,32,38,50
26,32,53,62
26,32,54,63
26,33,56,57
26,35,27,60
26,35,30,62
26,35,43,48
26,35,50,59
26,36,37,40
26,36,52,62
26,37,51,56
26,38,31,34
26,38,31,41
26,38,43,60
26,39,28,58
26,40,30,55
26,41,37,53
26,41,53,62
26,42,41,54
26,45,39,58
26,45,42,50
26,46,42,45
26,47,37,49
26,47,41,58
26,48,27,56
26,49,27,55
26,49,45,48
26,49,46,52
26,50,34,36
26,51,28,38
26,51,50,57
26,51,50,62
26,52,27,38
26,53,32,63
26,54,33,45
26,55,37,49
26,55,38,40
26,56,28,57
26,56,61,63
26,57,39,41
26,59,27,57
26,59,30,44
26,59,51,60
26,59,53,54
26,60,54,62
26,61,38,48
26,62,39,41
26,62,40,42
26,63,39,49
26,63,46,51
27,28,37,57
27,29,28,55
27,29,35,52
27,29,52,63
27,30,35,39
27,32,43,52
27,33,37,57
27,33,45,47
27,33,52,57
27,34,39,47
27,34,40,41
27,36,38,53
27,36,40,56
27,39,36,46
27,39,52,55
27,40,31,32
27,40,44,58
27,42,39,50
27,44,34,39
27,44,48,50
27,45,30,57
27,45,32,57
27,45,34,40
27,46,29,32
27,46,38,62
27,47,36,45
27,47,44,57
27,47,52,59
27,48,29,34
27,49,37,43
27,51,30,43
27,51,32,35
27,51,44,48
27,52,29,40
27,53,28,63
27,53,42,47
27,53,58,63
27,54,29,37
27,54,56,58
27,56,47,48
27,57,35,39
27,58,28,32
27,58,30,63
27,59,52,62
27,60,29,40
27,60,37,57
27,60,47,54
27,61,51,63
27,62,40,50
28,29,30,50
28,30,46,60
28,32,35,47
28,33,37,63
28,35,55,58
28,36,29,43
28,36,59,63
28,37,30,51
28,37,45,61
28,37,47,53
28,38,31,54
28,38,37,51
28,41,33,47
28,41,38,42
28,41,39,56
28,41,40,62
28,42,30,61
28,42,37,63
28,43,45,47
28,45,35,59
28,45,39,57
28,45,44,60
28,47,38,60
28,48,53,62
28,49,45,56
28,50,30,37
28,51,30,54
28,52,35,39
28,52,37,54
28,52,48,62
28,53,60,63
28,54,48,62
28,55,42,59
28,55,53,57
28,56,31,40
28,57,36,42
28,58,30,57
28,60,36,45
28,60,45,58
28,61,42,52
28,61,57,59
28,63,33,52
28,63,45,60
29,30,32,52
29,31,47,51
29,33,37,59
29,33,43,52
29,34,40,43
29,34,40,62
29,34,54,57
29,35,51,57
29,37,33,48
29,37,54,57
29,39,30,47
29,39,35,50
29,39,41,51
29,39,43,53
29,43,35,45
29,43,45,58
29,43,48,55
29,43,49,63
29,44,34,52
29,45,43,50
29,45,43,63
29,47,34,40
29,48,35,46
29,49,38,47
29,49,42,48
29,50,32,36
29,50,32,46
29,52,32,56
29,52,48,55
29,53,31,50
29,53,33,37
29,53,33,44
29,54,36,55
29,54,40,42
29,58,41,50
29,59,31,32
29,59,51,57
29,63,30,42
29,63,34,43
29,63,43,51
29,63,45,62
30,31,33,55
30,32,31,43
30,32,43,45
30,33,36,40
30,33,41,62
30,34,40,46
30,35,53,54
30,35,57,60
30,36,34,59
30,36,42,45
30,38,31,46
30,41,39,53
30,41,53,62
30,41,59,60
30,42,32,59
30,42,37,47
30,45,53,58
30,45,53,60
30,46,31,48
30,46,33,38
30,46,38,57
30,48,32,54
30,48,54,63
30,50,36,37
30,50,36,56
30,51,44,45
30,53,36,52
30,54,37,46
30,55,47,62
30,55,56,57
30,56,44,49
30,56,51,60
30,57,42,52
30,59,47,51
30,61,32,60
30,61,39,51
30,62,47,52
30,63,52,53
31,33,43,61
31,33,53,62
31,34,48,57
31,36,53,57
31,38,34,57
31,42,34,39
31,43,42,46
31,43,47,61
31,43,53,62
31,44,42,61
31,44,47,58
31,46,55,60
31,47,45,56
31,48,34,62
31,50,32,52
31,50,39,42
31,50,51,56
31,51,38,50
31,51,39,40
31,52,41,46
31,53,36,61
31,53,41,59
31,54,37,43
31,57,51,63
31,59,46,51
31,60,37,50
31,61,38,42
31,61,47,52
31,62,56,57
31,63,41,45
31,63,46,48
32,35,36,58
32,35,36,60
32,36,33,60
32,37,34,52
32,39,37,49
32,39,56,60
32,40,36,53
32,40,52,55
32,43,35,45
32,44,48,60
32,45,39,63
32,45,51,58
32,47,36,51
32,48,35,53
32,48,53,58
32,49,38,61
32,52,48,57
32,53,36,46
32,53,41,58
32,53,46,62
32,53,48,62
32,54,41,62
32,57,58,63
32,58,36,56
32,60,49,57
32,61,42,60
32,61,48,62
32,62,35,40
32,62,38,56
32,62,47,48
33,35,47,51
33,36,57,63
33,37,45,54
33,37,48,51
33,38,47,57
33,38,55,62
33,39,44,51
33,40,43,46
33,40,48,53
33,46,39,41
33,48,35,37
33,49,48,55
33,50,42,61
33,52,45,54
33,52,46,62
33,52,60,62
33,53,46,60
33,55,34,50
33,56,39,52
33,56,41,51
33,58,36,57
33,58,40,49
33,59,61,62
33,60,41,58
33,61,34,48
33,61,37,51
34,35,38,60
34,38,55,58
34,41,48,54
34,42,49,50
34,43,53,63
34,44,43,48
34,45,35,55
34,49,37,56
34,49,47,56
34,51,54,56
34,52,36,37
34,52,40,53
34,53,40,62
34,53,46,57
34,53,51,59
34,55,51,52
34,56,45,51
34,56,46,47
34,57,48,62
34,60,46,48
34,61,54,58
34,62,39,59
34,62,43,53
34,63,38,56
34,63,41,47
35,39,43,58
35,40,37,50
35,40,47,52
35,40,58,60
35,45,56,60
35,48,45,59
35,53,45,55
35,55,39,42
35,56,43,63
35,59,38,54
35,59,42,51
35,59,46,57
35,61,51,58
35,63,42,56
35,63,51,58
36,38,54,58
36,40,39,42
36,41,54,60
36,42,39,54
36,42,40,41
36,43,48,53
36,45,38,47
36,46,47,54
36,46,51,59
36,48,43,47
36,51,39,54
36,54,49,52
36,55,56,59
36,60,47,57
36,62,52,57
36,63,60,62
37,41,40,48
37,42,44,53
37,48,54,61
37,50,62,63
37,57,38,58
37,57,43,60
37,59,41,45
37,59,48,58
37,60,41,51
37,62,44,56
37,62,51,60
37,63,47,62
38,39,61,63
38,40,39,60
38,43,58,59
38,45,58,61
38,51,41,61
38,54,51,58
38,55,43,46
38,59,41,46
39,42,50,60
39,44,51,61
39,46,43,52
39,46,45,58
39,47,41,57
39,47,49,61
39,49,57,62
39,50,58,63
39,56,53,57
39,60,47,59
39,60,57,61
39,61,45,51
39,61,59,62
40,46,41,60
40,46,42,61
40,52,50,53
40,54,44,58
40,56,51,57
40,62,41,44
41,42,45,54
41,42,51,55
41,44,46,47
41,44,55,62
41,45,47,62
41,45,58,62
41,46,44,47
41,46,56,62
41,47,50,55
41,49,42,57
41,55,48,56
41,56,54,58
41,57,50,55
41,60,57,59
41,62,56,61
41,63,43,56
42,45,43,52
42,45,59,62
42,47,54,58
42,48,43,47
42,48,51,63
42,49,43,50
42,50,58,62
42,55,48,50
42,57,50,56
42,58,45,48
42,60,43,57
42,61,48,50
42,62,46,48
42,63,56,60
43,54,57,61
43,58,45,54
43,58,48,49
43,59,44,52
43,61,45,47
43,62,47,57
43,62,54,59
44,45,57,60
44,48,57,58
44,50,47,56
44,61,59,62
44,63,50,62
45,55,47,58
46,51,56,61
46,62,55,56
47,54,48,60
47,54,48,61
47,61,53,62
47,62,53,55
48,58,54,63
48,60,50,51
49,51,56,59
49,62,56,59
50,51,53,63
50,62,57,58
51,52,56,62
