h1,h2,depth,contrast,separation,orientation,relative_error,floor_v,status,distance,optimal_error,verified
h1-ba32b0c77ef15679,h2-27952852af150adc,3.0,10.0,3.0,0.0,0.01,1e-06,not computed: failed profile gate,,,False
h1-ba32b0c77ef15679,h2-27952852af150adc,3.0,10.0,3.0,0.0,0.01,1e-05,not computed: failed profile gate,,,False
h1-ba32b0c77ef15679,h2-27952852af150adc,3.0,10.0,3.0,0.0,0.01,0.0001,not computed: failed profile gate,,,False
h1-ba32b0c77ef15679,h2-27952852af150adc,3.0,10.0,3.0,0.0,0.03,1e-06,not computed: failed profile gate,,,False
h1-ba32b0c77ef15679,h2-27952852af150adc,3.0,10.0,3.0,0.0,0.03,1e-05,not computed: failed profile gate,,,False
h1-ba32b0c77ef15679,h2-27952852af150adc,3.0,10.0,3.0,0.0,0.03,0.0001,not computed: failed profile gate,,,False
h1-ba32b0c77ef15679,h2-3b36d7ff88d38018,3.0,10.0,3.0,90.0,0.01,1e-06,not computed: failed profile gate,,,False
h1-ba32b0c77ef15679,h2-3b36d7ff88d38018,3.0,10.0,3.0,90.0,0.01,1e-05,not computed: failed profile gate,,,False
h1-ba32b0c77ef15679,h2-3b36d7ff88d38018,3.0,10.0,3.0,90.0,0.01,0.0001,not computed: failed profile gate,,,False
h1-ba32b0c77ef15679,h2-3b36d7ff88d38018,3.0,10.0,3.0,90.0,0.03,1e-06,not computed: failed profile gate,,,False
h1-ba32b0c77ef15679,h2-3b36d7ff88d38018,3.0,10.0,3.0,90.0,0.03,1e-05,not computed: failed profile gate,,,False
h1-ba32b0c77ef15679,h2-3b36d7ff88d38018,3.0,10.0,3.0,90.0,0.03,0.0001,not computed: failed profile gate,,,False
h1-ba32b0c77ef15679,h2-a418984ca8d2660c,3.0,10.0,5.0,0.0,0.01,1e-06,not computed: failed profile gate,,,False
h1-ba32b0c77ef15679,h2-a418984ca8d2660c,3.0,10.0,5.0,0.0,0.01,1e-05,not computed: failed profile gate,,,False
h1-ba32b0c77ef15679,h2-a418984ca8d2660c,3.0,10.0,5.0,0.0,0.01,0.0001,not computed: failed profile gate,,,False
h1-ba32b0c77ef15679,h2-a418984ca8d2660c,3.0,10.0,5.0,0.0,0.03,1e-06,not computed: failed profile gate,,,False
h1-ba32b0c77ef15679,h2-a418984ca8d2660c,3.0,10.0,5.0,0.0,0.03,1e-05,not computed: failed profile gate,,,False
h1-ba32b0c77ef15679,h2-a418984ca8d2660c,3.0,10.0,5.0,0.0,0.03,0.0001,not computed: failed profile gate,,,False
h1-ba32b0c77ef15679,h2-90d2736427be253f,3.0,10.0,5.0,90.0,0.01,1e-06,not computed: failed profile gate,,,False
h1-ba32b0c77ef15679,h2-90d2736427be253f,3.0,10.0,5.0,90.0,0.01,1e-05,not computed: failed profile gate,,,False
h1-ba32b0c77ef15679,h2-90d2736427be253f,3.0,10.0,5.0,90.0,0.01,0.0001,not computed: failed profile gate,,,False
h1-ba32b0c77ef15679,h2-90d2736427be253f,3.0,10.0,5.0,90.0,0.03,1e-06,not computed: failed profile gate,,,False
h1-ba32b0c77ef15679,h2-90d2736427be253f,3.0,10.0,5.0,90.0,0.03,1e-05,not computed: failed profile gate,,,False
h1-ba32b0c77ef15679,h2-90d2736427be253f,3.0,10.0,5.0,90.0,0.03,0.0001,not computed: failed profile gate,,,False
h1-dc0a9a19833f39a0,h2-996eccf7a825f5aa,3.0,100.0,3.0,0.0,0.01,1e-06,not computed: failed profile gate,,,False
h1-dc0a9a19833f39a0,h2-996eccf7a825f5aa,3.0,100.0,3.0,0.0,0.01,1e-05,not computed: failed profile gate,,,False
h1-dc0a9a19833f39a0,h2-996eccf7a825f5aa,3.0,100.0,3.0,0.0,0.01,0.0001,not computed: failed profile gate,,,False
h1-dc0a9a19833f39a0,h2-996eccf7a825f5aa,3.0,100.0,3.0,0.0,0.03,1e-06,not computed: failed profile gate,,,False
h1-dc0a9a19833f39a0,h2-996eccf7a825f5aa,3.0,100.0,3.0,0.0,0.03,1e-05,not computed: failed profile gate,,,False
h1-dc0a9a19833f39a0,h2-996eccf7a825f5aa,3.0,100.0,3.0,0.0,0.03,0.0001,not computed: failed profile gate,,,False
h1-dc0a9a19833f39a0,h2-6b92a22ccf020848,3.0,100.0,3.0,90.0,0.01,1e-06,not computed: failed profile gate,,,False
h1-dc0a9a19833f39a0,h2-6b92a22ccf020848,3.0,100.0,3.0,90.0,0.01,1e-05,not computed: failed profile gate,,,False
h1-dc0a9a19833f39a0,h2-6b92a22ccf020848,3.0,100.0,3.0,90.0,0.01,0.0001,not computed: failed profile gate,,,False
h1-dc0a9a19833f39a0,h2-6b92a22ccf020848,3.0,100.0,3.0,90.0,0.03,1e-06,not computed: failed profile gate,,,False
h1-dc0a9a19833f39a0,h2-6b92a22ccf020848,3.0,100.0,3.0,90.0,0.03,1e-05,not computed: failed profile gate,,,False
h1-dc0a9a19833f39a0,h2-6b92a22ccf020848,3.0,100.0,3.0,90.0,0.03,0.0001,not computed: failed profile gate,,,False
h1-dc0a9a19833f39a0,h2-295376649772fcaa,3.0,100.0,5.0,0.0,0.01,1e-06,not computed: failed profile gate,,,False
h1-dc0a9a19833f39a0,h2-295376649772fcaa,3.0,100.0,5.0,0.0,0.01,1e-05,not computed: failed profile gate,,,False
h1-dc0a9a19833f39a0,h2-295376649772fcaa,3.0,100.0,5.0,0.0,0.01,0.0001,not computed: failed profile gate,,,False
h1-dc0a9a19833f39a0,h2-295376649772fcaa,3.0,100.0,5.0,0.0,0.03,1e-06,not computed: failed profile gate,,,False
h1-dc0a9a19833f39a0,h2-295376649772fcaa,3.0,100.0,5.0,0.0,0.03,1e-05,not computed: failed profile gate,,,False
h1-dc0a9a19833f39a0,h2-295376649772fcaa,3.0,100.0,5.0,0.0,0.03,0.0001,not computed: failed profile gate,,,False
h1-dc0a9a19833f39a0,h2-70e130249cc591aa,3.0,100.0,5.0,90.0,0.01,1e-06,not computed: failed profile gate,,,False
h1-dc0a9a19833f39a0,h2-70e130249cc591aa,3.0,100.0,5.0,90.0,0.01,1e-05,not computed: failed profile gate,,,False
h1-dc0a9a19833f39a0,h2-70e130249cc591aa,3.0,100.0,5.0,90.0,0.01,0.0001,not computed: failed profile gate,,,False
h1-dc0a9a19833f39a0,h2-70e130249cc591aa,3.0,100.0,5.0,90.0,0.03,1e-06,not computed: failed profile gate,,,False
h1-dc0a9a19833f39a0,h2-70e130249cc591aa,3.0,100.0,5.0,90.0,0.03,1e-05,not computed: failed profile gate,,,False
h1-dc0a9a19833f39a0,h2-70e130249cc591aa,3.0,100.0,5.0,90.0,0.03,0.0001,not computed: failed profile gate,,,False
h1-4c413e39d3847924,h2-a235844462620a37,5.0,10.0,3.0,0.0,0.01,1e-06,not computed: failed profile gate,,,False
h1-4c413e39d3847924,h2-a235844462620a37,5.0,10.0,3.0,0.0,0.01,1e-05,not computed: failed profile gate,,,False
h1-4c413e39d3847924,h2-a235844462620a37,5.0,10.0,3.0,0.0,0.01,0.0001,not computed: failed profile gate,,,False
h1-4c413e39d3847924,h2-a235844462620a37,5.0,10.0,3.0,0.0,0.03,1e-06,not computed: failed profile gate,,,False
h1-4c413e39d3847924,h2-a235844462620a37,5.0,10.0,3.0,0.0,0.03,1e-05,not computed: failed profile gate,,,False
h1-4c413e39d3847924,h2-a235844462620a37,5.0,10.0,3.0,0.0,0.03,0.0001,not computed: failed profile gate,,,False
h1-4c413e39d3847924,h2-c6e829ed53768d21,5.0,10.0,3.0,90.0,0.01,1e-06,not computed: failed profile gate,,,False
h1-4c413e39d3847924,h2-c6e829ed53768d21,5.0,10.0,3.0,90.0,0.01,1e-05,not computed: failed profile gate,,,False
h1-4c413e39d3847924,h2-c6e829ed53768d21,5.0,10.0,3.0,90.0,0.01,0.0001,not computed: failed profile gate,,,False
h1-4c413e39d3847924,h2-c6e829ed53768d21,5.0,10.0,3.0,90.0,0.03,1e-06,not computed: failed profile gate,,,False
h1-4c413e39d3847924,h2-c6e829ed53768d21,5.0,10.0,3.0,90.0,0.03,1e-05,not computed: failed profile gate,,,False
h1-4c413e39d3847924,h2-c6e829ed53768d21,5.0,10.0,3.0,90.0,0.03,0.0001,not computed: failed profile gate,,,False
h1-4c413e39d3847924,h2-e8ccf993f6d713f6,5.0,10.0,5.0,0.0,0.01,1e-06,not computed: failed profile gate,,,False
h1-4c413e39d3847924,h2-e8ccf993f6d713f6,5.0,10.0,5.0,0.0,0.01,1e-05,not computed: failed profile gate,,,False
h1-4c413e39d3847924,h2-e8ccf993f6d713f6,5.0,10.0,5.0,0.0,0.01,0.0001,not computed: failed profile gate,,,False
h1-4c413e39d3847924,h2-e8ccf993f6d713f6,5.0,10.0,5.0,0.0,0.03,1e-06,not computed: failed profile gate,,,False
h1-4c413e39d3847924,h2-e8ccf993f6d713f6,5.0,10.0,5.0,0.0,0.03,1e-05,not computed: failed profile gate,,,False
h1-4c413e39d3847924,h2-e8ccf993f6d713f6,5.0,10.0,5.0,0.0,0.03,0.0001,not computed: failed profile gate,,,False
h1-4c413e39d3847924,h2-369e7fdcb07fd72c,5.0,10.0,5.0,90.0,0.01,1e-06,not computed: failed profile gate,,,False
h1-4c413e39d3847924,h2-369e7fdcb07fd72c,5.0,10.0,5.0,90.0,0.01,1e-05,not computed: failed profile gate,,,False
h1-4c413e39d3847924,h2-369e7fdcb07fd72c,5.0,10.0,5.0,90.0,0.01,0.0001,not computed: failed profile gate,,,False
h1-4c413e39d3847924,h2-369e7fdcb07fd72c,5.0,10.0,5.0,90.0,0.03,1e-06,not computed: failed profile gate,,,False
h1-4c413e39d3847924,h2-369e7fdcb07fd72c,5.0,10.0,5.0,90.0,0.03,1e-05,not computed: failed profile gate,,,False
h1-4c413e39d3847924,h2-369e7fdcb07fd72c,5.0,10.0,5.0,90.0,0.03,0.0001,not computed: failed profile gate,,,False
h1-e8f17bda876ca570,h2-51e991075bb530a2,5.0,100.0,3.0,0.0,0.01,1e-06,not computed: failed profile gate,,,False
h1-e8f17bda876ca570,h2-51e991075bb530a2,5.0,100.0,3.0,0.0,0.01,1e-05,not computed: failed profile gate,,,False
h1-e8f17bda876ca570,h2-51e991075bb530a2,5.0,100.0,3.0,0.0,0.01,0.0001,not computed: failed profile gate,,,False
h1-e8f17bda876ca570,h2-51e991075bb530a2,5.0,100.0,3.0,0.0,0.03,1e-06,not computed: failed profile gate,,,False
h1-e8f17bda876ca570,h2-51e991075bb530a2,5.0,100.0,3.0,0.0,0.03,1e-05,not computed: failed profile gate,,,False
h1-e8f17bda876ca570,h2-51e991075bb530a2,5.0,100.0,3.0,0.0,0.03,0.0001,not computed: failed profile gate,,,False
h1-e8f17bda876ca570,h2-ff267a636e6c119d,5.0,100.0,3.0,90.0,0.01,1e-06,not computed: failed profile gate,,,False
h1-e8f17bda876ca570,h2-ff267a636e6c119d,5.0,100.0,3.0,90.0,0.01,1e-05,not computed: failed profile gate,,,False
h1-e8f17bda876ca570,h2-ff267a636e6c119d,5.0,100.0,3.0,90.0,0.01,0.0001,not computed: failed profile gate,,,False
h1-e8f17bda876ca570,h2-ff267a636e6c119d,5.0,100.0,3.0,90.0,0.03,1e-06,not computed: failed profile gate,,,False
h1-e8f17bda876ca570,h2-ff267a636e6c119d,5.0,100.0,3.0,90.0,0.03,1e-05,not computed: failed profile gate,,,False
h1-e8f17bda876ca570,h2-ff267a636e6c119d,5.0,100.0,3.0,90.0,0.03,0.0001,not computed: failed profile gate,,,False
h1-e8f17bda876ca570,h2-9f899cf38ece63dc,5.0,100.0,5.0,0.0,0.01,1e-06,not computed: failed profile gate,,,False
h1-e8f17bda876ca570,h2-9f899cf38ece63dc,5.0,100.0,5.0,0.0,0.01,1e-05,not computed: failed profile gate,,,False
h1-e8f17bda876ca570,h2-9f899cf38ece63dc,5.0,100.0,5.0,0.0,0.01,0.0001,not computed: failed profile gate,,,False
h1-e8f17bda876ca570,h2-9f899cf38ece63dc,5.0,100.0,5.0,0.0,0.03,1e-06,not computed: failed profile gate,,,False
h1-e8f17bda876ca570,h2-9f899cf38ece63dc,5.0,100.0,5.0,0.0,0.03,1e-05,not computed: failed profile gate,,,False
h1-e8f17bda876ca570,h2-9f899cf38ece63dc,5.0,100.0,5.0,0.0,0.03,0.0001,not computed: failed profile gate,,,False
h1-e8f17bda876ca570,h2-b23a931c3dd4bd6b,5.0,100.0,5.0,90.0,0.01,1e-06,not computed: failed profile gate,,,False
h1-e8f17bda876ca570,h2-b23a931c3dd4bd6b,5.0,100.0,5.0,90.0,0.01,1e-05,not computed: failed profile gate,,,False
h1-e8f17bda876ca570,h2-b23a931c3dd4bd6b,5.0,100.0,5.0,90.0,0.01,0.0001,not computed: failed profile gate,,,False
h1-e8f17bda876ca570,h2-b23a931c3dd4bd6b,5.0,100.0,5.0,90.0,0.03,1e-06,not computed: failed profile gate,,,False
h1-e8f17bda876ca570,h2-b23a931c3dd4bd6b,5.0,100.0,5.0,90.0,0.03,1e-05,not computed: failed profile gate,,,False
h1-e8f17bda876ca570,h2-b23a931c3dd4bd6b,5.0,100.0,5.0,90.0,0.03,0.0001,not computed: failed profile gate,,,False
h1-6ebc04482ee1bc77,h2-83c81c35bdbb7ddf,7.0,10.0,3.0,0.0,0.01,1e-06,not computed: failed profile gate,,,False
h1-6ebc04482ee1bc77,h2-83c81c35bdbb7ddf,7.0,10.0,3.0,0.0,0.01,1e-05,not computed: failed profile gate,,,False
h1-6ebc04482ee1bc77,h2-83c81c35bdbb7ddf,7.0,10.0,3.0,0.0,0.01,0.0001,not computed: failed profile gate,,,False
h1-6ebc04482ee1bc77,h2-83c81c35bdbb7ddf,7.0,10.0,3.0,0.0,0.03,1e-06,not computed: failed profile gate,,,False
h1-6ebc04482ee1bc77,h2-83c81c35bdbb7ddf,7.0,10.0,3.0,0.0,0.03,1e-05,not computed: failed profile gate,,,False
h1-6ebc04482ee1bc77,h2-83c81c35bdbb7ddf,7.0,10.0,3.0,0.0,0.03,0.0001,not computed: failed profile gate,,,False
h1-6ebc04482ee1bc77,h2-941a9558dead90ed,7.0,10.0,3.0,90.0,0.01,1e-06,not computed: failed profile gate,,,False
h1-6ebc04482ee1bc77,h2-941a9558dead90ed,7.0,10.0,3.0,90.0,0.01,1e-05,not computed: failed profile gate,,,False
h1-6ebc04482ee1bc77,h2-941a9558dead90ed,7.0,10.0,3.0,90.0,0.01,0.0001,not computed: failed profile gate,,,False
h1-6ebc04482ee1bc77,h2-941a9558dead90ed,7.0,10.0,3.0,90.0,0.03,1e-06,not computed: failed profile gate,,,False
h1-6ebc04482ee1bc77,h2-941a9558dead90ed,7.0,10.0,3.0,90.0,0.03,1e-05,not computed: failed profile gate,,,False
h1-6ebc04482ee1bc77,h2-941a9558dead90ed,7.0,10.0,3.0,90.0,0.03,0.0001,not computed: failed profile gate,,,False
h1-6ebc04482ee1bc77,h2-5bbc299d2d7422c4,7.0,10.0,5.0,0.0,0.01,1e-06,not computed: failed profile gate,,,False
h1-6ebc04482ee1bc77,h2-5bbc299d2d7422c4,7.0,10.0,5.0,0.0,0.01,1e-05,not computed: failed profile gate,,,False
h1-6ebc04482ee1bc77,h2-5bbc299d2d7422c4,7.0,10.0,5.0,0.0,0.01,0.0001,not computed: failed profile gate,,,False
h1-6ebc04482ee1bc77,h2-5bbc299d2d7422c4,7.0,10.0,5.0,0.0,0.03,1e-06,not computed: failed profile gate,,,False
h1-6ebc04482ee1bc77,h2-5bbc299d2d7422c4,7.0,10.0,5.0,0.0,0.03,1e-05,not computed: failed profile gate,,,False
h1-6ebc04482ee1bc77,h2-5bbc299d2d7422c4,7.0,10.0,5.0,0.0,0.03,0.0001,not computed: failed profile gate,,,False
h1-6ebc04482ee1bc77,h2-4424ccce8bba3eae,7.0,10.0,5.0,90.0,0.01,1e-06,not computed: failed profile gate,,,False
h1-6ebc04482ee1bc77,h2-4424ccce8bba3eae,7.0,10.0,5.0,90.0,0.01,1e-05,not computed: failed profile gate,,,False
h1-6ebc04482ee1bc77,h2-4424ccce8bba3eae,7.0,10.0,5.0,90.0,0.01,0.0001,not computed: failed profile gate,,,False
h1-6ebc04482ee1bc77,h2-4424ccce8bba3eae,7.0,10.0,5.0,90.0,0.03,1e-06,not computed: failed profile gate,,,False
h1-6ebc04482ee1bc77,h2-4424ccce8bba3eae,7.0,10.0,5.0,90.0,0.03,1e-05,not computed: failed profile gate,,,False
h1-6ebc04482ee1bc77,h2-4424ccce8bba3eae,7.0,10.0,5.0,90.0,0.03,0.0001,not computed: failed profile gate,,,False
h1-f8fa2489359b0830,h2-442c5c84ad5edfc4,7.0,100.0,3.0,0.0,0.01,1e-06,not computed: failed profile gate,,,False
h1-f8fa2489359b0830,h2-442c5c84ad5edfc4,7.0,100.0,3.0,0.0,0.01,1e-05,not computed: failed profile gate,,,False
h1-f8fa2489359b0830,h2-442c5c84ad5edfc4,7.0,100.0,3.0,0.0,0.01,0.0001,not computed: failed profile gate,,,False
h1-f8fa2489359b0830,h2-442c5c84ad5edfc4,7.0,100.0,3.0,0.0,0.03,1e-06,not computed: failed profile gate,,,False
h1-f8fa2489359b0830,h2-442c5c84ad5edfc4,7.0,100.0,3.0,0.0,0.03,1e-05,not computed: failed profile gate,,,False
h1-f8fa2489359b0830,h2-442c5c84ad5edfc4,7.0,100.0,3.0,0.0,0.03,0.0001,not computed: failed profile gate,,,False
h1-f8fa2489359b0830,h2-4eaae08014d03787,7.0,100.0,3.0,90.0,0.01,1e-06,not computed: failed profile gate,,,False
h1-f8fa2489359b0830,h2-4eaae08014d03787,7.0,100.0,3.0,90.0,0.01,1e-05,not computed: failed profile gate,,,False
h1-f8fa2489359b0830,h2-4eaae08014d03787,7.0,100.0,3.0,90.0,0.01,0.0001,not computed: failed profile gate,,,False
h1-f8fa2489359b0830,h2-4eaae08014d03787,7.0,100.0,3.0,90.0,0.03,1e-06,not computed: failed profile gate,,,False
h1-f8fa2489359b0830,h2-4eaae08014d03787,7.0,100.0,3.0,90.0,0.03,1e-05,not computed: failed profile gate,,,False
h1-f8fa2489359b0830,h2-4eaae08014d03787,7.0,100.0,3.0,90.0,0.03,0.0001,not computed: failed profile gate,,,False
h1-f8fa2489359b0830,h2-8f37a46b87a3167e,7.0,100.0,5.0,0.0,0.01,1e-06,not computed: failed profile gate,,,False
h1-f8fa2489359b0830,h2-8f37a46b87a3167e,7.0,100.0,5.0,0.0,0.01,1e-05,not computed: failed profile gate,,,False
h1-f8fa2489359b0830,h2-8f37a46b87a3167e,7.0,100.0,5.0,0.0,0.01,0.0001,not computed: failed profile gate,,,False
h1-f8fa2489359b0830,h2-8f37a46b87a3167e,7.0,100.0,5.0,0.0,0.03,1e-06,not computed: failed profile gate,,,False
h1-f8fa2489359b0830,h2-8f37a46b87a3167e,7.0,100.0,5.0,0.0,0.03,1e-05,not computed: failed profile gate,,,False
h1-f8fa2489359b0830,h2-8f37a46b87a3167e,7.0,100.0,5.0,0.0,0.03,0.0001,not computed: failed profile gate,,,False
h1-f8fa2489359b0830,h2-2428a66e073be5ea,7.0,100.0,5.0,90.0,0.01,1e-06,not computed: failed profile gate,,,False
h1-f8fa2489359b0830,h2-2428a66e073be5ea,7.0,100.0,5.0,90.0,0.01,1e-05,not computed: failed profile gate,,,False
h1-f8fa2489359b0830,h2-2428a66e073be5ea,7.0,100.0,5.0,90.0,0.01,0.0001,not computed: failed profile gate,,,False
h1-f8fa2489359b0830,h2-2428a66e073be5ea,7.0,100.0,5.0,90.0,0.03,1e-06,not computed: failed profile gate,,,False
h1-f8fa2489359b0830,h2-2428a66e073be5ea,7.0,100.0,5.0,90.0,0.03,1e-05,not computed: failed profile gate,,,False
h1-f8fa2489359b0830,h2-2428a66e073be5ea,7.0,100.0,5.0,90.0,0.03,0.0001,not computed: failed profile gate,,,False
