first,second,factor,state,rms,maximum,passed
A,B,core resolution,H,7.126998742721633e-13,5.869399232649029e-12,True
A,B,core resolution,C10,42.002900005017096,2273.9035757565716,False
A,B,core resolution,C100,502.77571675325277,27241.81511550017,False
C,D,core resolution,H,7.049746541182153e-13,5.869399232649029e-12,True
C,D,core resolution,C10,42.0028631384555,2273.9034347130028,False
C,D,core resolution,C100,502.77531713417073,27241.813425770062,False
A,C,extent,H,7.587667024864542e-14,1.7568325168085604e-12,True
A,C,extent,C10,0.9932947266708392,11.243636508815968,False
A,C,extent,C100,11.513664136074093,129.74746768329743,False
B,D,extent,H,9.032180807575082e-14,1.2556321140378608e-12,True
B,D,extent,C10,0.9943963166654397,11.250731931528517,False
B,D,extent,C100,11.52640115320975,129.82939549456128,False
