mesh,state,status,rms,maximum,passed
A,H,completed,2.7104660057921636e-13,2.6645352591003757e-12,True
A,C10,completed,52.28800622862042,2827.8487381299715,False
A,C100,completed,625.9219713764342,33878.1878528443,False
B,H,completed,8.055111212881201e-13,5.386284067043973e-12,True
B,C10,completed,10.449837422026853,553.9451623733996,False
B,C100,completed,125.03502983233307,6636.372737344132,False
C,H,completed,2.7397519269560853e-13,2.7755575615628918e-12,True
C,C10,completed,52.31299144664358,2827.905258244005,False
C,C100,completed,626.1958571103868,33878.86497500242,False
D,H,completed,8.009203031034379e-13,5.042847119765518e-12,True
D,C10,completed,10.441376738871682,554.0018235310023,False
D,C100,completed,124.94258911376069,6637.051549232359,False
