mesh,state,source,facets,midpoint_absolute_flux_mismatch_fraction,maximum_flux_mismatch_per_a_per_m2
A,H,0,2700,9.435239451428607e-17,1.6517142471458857e-20
A,H,1,2700,9.108796054416181e-17,1.7787691892340307e-20
A,H,2,2700,9.535428857111048e-17,1.3552527156068805e-20
A,H,3,2700,9.251609134584888e-17,1.4399560103323106e-20
A,H,4,2700,9.251609134584888e-17,1.4399560103323106e-20
A,H,5,2700,9.535428857111048e-17,1.3552527156068805e-20
A,H,6,2700,9.108796054416181e-17,1.7787691892340307e-20
A,H,7,2700,9.435239451428607e-17,1.6517142471458857e-20
A,H,8,2700,9.028096224367127e-17,1.4399560103323106e-20
A,H,9,2700,9.100978840385306e-17,1.6940658945086007e-20
A,H,10,2700,9.520357466558263e-17,1.4823076576950256e-20
A,H,11,2700,9.304250834731867e-17,1.5246593050577406e-20
A,H,12,2700,9.304250834731867e-17,1.5246593050577406e-20
A,H,13,2700,9.520357466558263e-17,1.4823076576950256e-20
A,H,14,2700,9.100978840385306e-17,1.6940658945086007e-20
A,H,15,2700,9.028096224367127e-17,1.4399560103323106e-20
A,H,16,2700,9.856062349813273e-17,1.5246593050577406e-20
A,H,17,2700,9.691346986613849e-17,1.5670109524204556e-20
A,H,18,2700,1.00268209353834e-16,1.5246593050577406e-20
A,H,19,2700,9.520917403288641e-17,1.6305384234645282e-20
A,H,20,2700,9.520917403288641e-17,1.6305384234645282e-20
A,H,21,2700,1.00268209353834e-16,1.5246593050577406e-20
A,H,22,2700,9.691346986613849e-17,1.5670109524204556e-20
A,H,23,2700,9.856062349813273e-17,1.5246593050577406e-20
A,H,24,2700,9.32062276278074e-17,1.6940658945086007e-20
A,H,25,2700,9.63128473342837e-17,1.8634724839594607e-20
A,H,26,2700,9.329984253604392e-17,1.6305384234645282e-20
A,H,27,2700,9.032302749498806e-17,1.683477982667922e-20
A,H,28,2700,9.032302749498806e-17,1.683477982667922e-20
A,H,29,2700,9.329984253604392e-17,1.6305384234645282e-20
A,H,30,2700,9.63128473342837e-17,1.8634724839594607e-20
A,H,31,2700,9.32062276278074e-17,1.6940658945086007e-20
A,H,32,2700,9.32062276278074e-17,1.6940658945086007e-20
A,H,33,2700,9.63128473342837e-17,1.8634724839594607e-20
A,H,34,2700,9.329984253604392e-17,1.6305384234645282e-20
A,H,35,2700,9.032302749498805e-17,1.683477982667922e-20
A,H,36,2700,9.032302749498805e-17,1.683477982667922e-20
A,H,37,2700,9.329984253604392e-17,1.6305384234645282e-20
A,H,38,2700,9.63128473342837e-17,1.8634724839594607e-20
A,H,39,2700,9.32062276278074e-17,1.6940658945086007e-20
A,H,40,2700,9.856062349813273e-17,1.5246593050577406e-20
A,H,41,2700,9.691346986613849e-17,1.5670109524204556e-20
A,H,42,2700,1.00268209353834e-16,1.5246593050577406e-20
A,H,43,2700,9.520917403288641e-17,1.6305384234645282e-20
A,H,44,2700,9.520917403288641e-17,1.6305384234645282e-20
A,H,45,2700,1.00268209353834e-16,1.5246593050577406e-20
A,H,46,2700,9.691346986613849e-17,1.5670109524204556e-20
A,H,47,2700,9.856062349813273e-17,1.5246593050577406e-20
A,H,48,2700,9.028096224367127e-17,1.4399560103323106e-20
A,H,49,2700,9.100978840385306e-17,1.6940658945086007e-20
A,H,50,2700,9.520357466558263e-17,1.4823076576950256e-20
A,H,51,2700,9.304250834731867e-17,1.5246593050577406e-20
A,H,52,2700,9.304250834731867e-17,1.5246593050577406e-20
A,H,53,2700,9.520357466558263e-17,1.4823076576950256e-20
A,H,54,2700,9.100978840385306e-17,1.6940658945086007e-20
A,H,55,2700,9.028096224367127e-17,1.4399560103323106e-20
A,H,56,2700,9.435239451428607e-17,1.6517142471458857e-20
A,H,57,2700,9.108796054416181e-17,1.7787691892340307e-20
A,H,58,2700,9.535428857111048e-17,1.3552527156068805e-20
A,H,59,2700,9.251609134584888e-17,1.4399560103323106e-20
A,H,60,2700,9.251609134584888e-17,1.4399560103323106e-20
A,H,61,2700,9.535428857111048e-17,1.3552527156068805e-20
A,H,62,2700,9.108796054416181e-17,1.7787691892340307e-20
A,H,63,2700,9.435239451428607e-17,1.6517142471458857e-20
A,C10,0,2700,0.08413824717888256,5.420676894739702e-06
A,C10,1,2700,0.07482289087497274,4.309579636396019e-06
A,C10,2,2700,0.06815866127391906,4.025758245056975e-06
A,C10,3,2700,0.06505894124110365,3.868278720526058e-06
A,C10,4,2700,0.06505894124110365,3.868278720526058e-06
A,C10,5,2700,0.06815866127391906,4.025758245056975e-06
A,C10,6,2700,0.07482289087497274,4.309579636396019e-06
A,C10,7,2700,0.08413824717888257,5.420676894739702e-06
A,C10,8,2700,0.07438440264832,6.333725509018212e-06
A,C10,9,2700,0.0621981144553306,3.8901255207778715e-06
A,C10,10,2700,0.05257566123972072,3.2522091950636337e-06
A,C10,11,2700,0.047256127637188956,3.014803839331032e-06
A,C10,12,2700,0.04725612763718896,3.014803839331032e-06
A,C10,13,2700,0.05257566123972071,3.2522091950636337e-06
A,C10,14,2700,0.062198114455330605,3.8901255207778715e-06
A,C10,15,2700,0.07438440264832,6.333725509018212e-06
A,C10,16,2700,0.06782816785220545,6.997457945026126e-06
A,C10,17,2700,0.052354644089555744,4.414521597081744e-06
A,C10,18,2700,0.03865765546969908,2.3966207916438626e-06
A,C10,19,2700,0.0295389779792549,2.0090189578847045e-06
A,C10,20,2700,0.0295389779792549,2.0090189578847045e-06
A,C10,21,2700,0.03865765546969908,2.3966207916438626e-06
A,C10,22,2700,0.052354644089555744,4.414521597081744e-06
A,C10,23,2700,0.06782816785220544,6.997457945026126e-06
A,C10,24,2700,0.0655562367088331,7.37796509868058e-06
A,C10,25,2700,0.04738050176303241,4.714275653595865e-06
A,C10,26,2700,0.029535623227869866,2.535265498751762e-06
A,C10,27,2700,0.013346946204092016,8.770404106940574e-07
A,C10,28,2700,0.013346946204092016,8.770404106940574e-07
A,C10,29,2700,0.02953562322786987,2.535265498751762e-06
A,C10,30,2700,0.04738050176303239,4.714275653595865e-06
A,C10,31,2700,0.0655562367088331,7.37796509868058e-06
A,C10,32,2700,0.0655562367088331,7.377965098680587e-06
A,C10,33,2700,0.04738050176303239,4.714275653595889e-06
A,C10,34,2700,0.029535623227869883,2.535265498751761e-06
A,C10,35,2700,0.013346946204092033,8.770404106940559e-07
A,C10,36,2700,0.013346946204092032,8.770404106940559e-07
A,C10,37,2700,0.02953562322786988,2.535265498751761e-06
A,C10,38,2700,0.04738050176303239,4.714275653595889e-06
A,C10,39,2700,0.06555623670883311,7.377965098680587e-06
A,C10,40,2700,0.06782816785220547,6.997457945026122e-06
A,C10,41,2700,0.05235464408955574,4.414521597081745e-06
A,C10,42,2700,0.0386576554696991,2.396620791643861e-06
A,C10,43,2700,0.0295389779792549,2.0090189578846994e-06
A,C10,44,2700,0.0295389779792549,2.0090189578846994e-06
A,C10,45,2700,0.03865765546969909,2.396620791643861e-06
A,C10,46,2700,0.052354644089555744,4.414521597081745e-06
A,C10,47,2700,0.06782816785220547,6.997457945026122e-06
A,C10,48,2700,0.07438440264832,6.333725509018203e-06
A,C10,49,2700,0.06219811445533057,3.890125520777869e-06
A,C10,50,2700,0.05257566123972069,3.2522091950636304e-06
A,C10,51,2700,0.04725612763718893,3.014803839331031e-06
A,C10,52,2700,0.04725612763718893,3.014803839331031e-06
A,C10,53,2700,0.052575661239720684,3.2522091950636304e-06
A,C10,54,2700,0.06219811445533057,3.890125520777869e-06
A,C10,55,2700,0.07438440264832,6.333725509018203e-06
A,C10,56,2700,0.08413824717888257,5.420676894739703e-06
A,C10,57,2700,0.07482289087497272,4.309579636396026e-06
A,C10,58,2700,0.06815866127391906,4.025758245056974e-06
A,C10,59,2700,0.06505894124110365,3.868278720526057e-06
A,C10,60,2700,0.06505894124110365,3.868278720526057e-06
A,C10,61,2700,0.06815866127391906,4.025758245056974e-06
A,C10,62,2700,0.07482289087497274,4.309579636396026e-06
A,C10,63,2700,0.08413824717888259,5.420676894739703e-06
A,C100,0,2700,0.10079928622420584,6.4940782600346925e-06
A,C100,1,2700,0.0896393049096208,5.1629617426130484e-06
A,C100,2,2700,0.0816554258826159,4.822938095563306e-06
A,C100,3,2700,0.07794189990270832,4.634274506768841e-06
A,C100,4,2700,0.07794189990270833,4.634274506768841e-06
A,C100,5,2700,0.08165542588261589,4.822938095563306e-06
A,C100,6,2700,0.0896393049096208,5.1629617426130484e-06
A,C100,7,2700,0.10079928622420582,6.4940782600346925e-06
A,C100,8,2700,0.08911398733115564,7.587928580110927e-06
A,C100,9,2700,0.07451457276331686,4.6604474060804195e-06
A,C100,10,2700,0.06298668326738818,3.896211015868313e-06
A,C100,11,2700,0.056613776674256086,3.6117946986045e-06
A,C100,12,2700,0.056613776674256086,3.6117946986045e-06
A,C100,13,2700,0.06298668326738818,3.896211015868313e-06
A,C100,14,2700,0.07451457276331687,4.6604474060804195e-06
A,C100,15,2700,0.08911398733115564,7.587928580110927e-06
A,C100,16,2700,0.08125948821897881,8.383093181664956e-06
A,C100,17,2700,0.06272190034491332,5.288684289573179e-06
A,C100,18,2700,0.04631263675082761,2.8711991662267984e-06
A,C100,19,2700,0.03538828054940436,2.4068444940994944e-06
A,C100,20,2700,0.03538828054940436,2.4068444940994944e-06
A,C100,21,2700,0.04631263675082761,2.8711991662267984e-06
A,C100,22,2700,0.06272190034491332,5.288684289573179e-06
A,C100,23,2700,0.08125948821897881,8.383093181664956e-06
A,C100,24,2700,0.0785376697204832,8.838948286538126e-06
A,C100,25,2700,0.056762779339870506,5.647795585000989e-06
A,C100,26,2700,0.0353842614908144,3.0372982707818114e-06
A,C100,27,2700,0.015989905848466678,1.0507117791483125e-06
A,C100,28,2700,0.015989905848466678,1.0507117791483125e-06
A,C100,29,2700,0.035384261490814396,3.0372982707818114e-06
A,C100,30,2700,0.0567627793398705,5.647795585000989e-06
A,C100,31,2700,0.0785376697204832,8.838948286538126e-06
A,C100,32,2700,0.0785376697204832,8.838948286538124e-06
A,C100,33,2700,0.0567627793398705,5.64779558500099e-06
A,C100,34,2700,0.03538426149081439,3.037298270781815e-06
A,C100,35,2700,0.01598990584846669,1.0507117791483197e-06
A,C100,36,2700,0.01598990584846669,1.0507117791483197e-06
A,C100,37,2700,0.03538426149081438,3.037298270781815e-06
A,C100,38,2700,0.0567627793398705,5.64779558500099e-06
A,C100,39,2700,0.0785376697204832,8.838948286538124e-06
A,C100,40,2700,0.0812594882189788,8.38309318166496e-06
A,C100,41,2700,0.06272190034491332,5.288684289573165e-06
A,C100,42,2700,0.046312636750827585,2.8711991662268044e-06
A,C100,43,2700,0.035388280549404356,2.406844494099492e-06
A,C100,44,2700,0.03538828054940436,2.406844494099492e-06
A,C100,45,2700,0.04631263675082758,2.8711991662268044e-06
A,C100,46,2700,0.06272190034491332,5.288684289573165e-06
A,C100,47,2700,0.08125948821897881,8.38309318166496e-06
A,C100,48,2700,0.08911398733115564,7.58792858011092e-06
A,C100,49,2700,0.07451457276331687,4.6604474060804195e-06
A,C100,50,2700,0.06298668326738817,3.89621101586831e-06
A,C100,51,2700,0.05661377667425607,3.6117946986045045e-06
A,C100,52,2700,0.05661377667425607,3.6117946986045045e-06
A,C100,53,2700,0.06298668326738817,3.89621101586831e-06
A,C100,54,2700,0.07451457276331687,4.6604474060804195e-06
A,C100,55,2700,0.08911398733115564,7.58792858011092e-06
A,C100,56,2700,0.10079928622420586,6.49407826003468e-06
A,C100,57,2700,0.0896393049096208,5.162961742613058e-06
A,C100,58,2700,0.08165542588261587,4.822938095563307e-06
A,C100,59,2700,0.07794189990270833,4.634274506768839e-06
A,C100,60,2700,0.07794189990270833,4.634274506768839e-06
A,C100,61,2700,0.08165542588261587,4.822938095563307e-06
A,C100,62,2700,0.08963930490962081,5.162961742613058e-06
A,C100,63,2700,0.10079928622420585,6.49407826003468e-06
C,H,0,3888,9.260124457406751e-17,5.082197683525802e-21
C,H,1,3888,9.672860776888319e-17,4.7645603283054394e-21
C,H,2,3888,9.484727127445246e-17,3.917527381051139e-21
C,H,3,3888,9.678824510137184e-17,4.446922973085077e-21
C,H,4,3888,9.678824510137184e-17,4.446922973085077e-21
C,H,5,3888,9.484727127445246e-17,3.917527381051139e-21
C,H,6,3888,9.672860776888319e-17,4.7645603283054394e-21
C,H,7,3888,9.260124457406751e-17,5.082197683525802e-21
C,H,8,3888,8.944571640392677e-17,4.658681209898652e-21
C,H,9,3888,9.001808599387448e-17,4.129285617864714e-21
C,H,10,3888,8.813175669052655e-17,4.129285617864714e-21
C,H,11,3888,9.40904498672517e-17,4.5263323118901674e-21
C,H,12,3888,9.40904498672517e-17,4.5263323118901674e-21
C,H,13,3888,8.813175669052655e-17,4.129285617864714e-21
C,H,14,3888,9.001808599387448e-17,4.129285617864714e-21
C,H,15,3888,8.944571640392677e-17,4.658681209898652e-21
C,H,16,3888,9.502941195153369e-17,4.870439446712227e-21
C,H,17,3888,9.616818181421745e-17,5.082197683525802e-21
C,H,18,3888,9.01920312188128e-17,3.917527381051139e-21
C,H,19,3888,9.229364757775965e-17,3.666064474835019e-21
C,H,20,3888,9.229364757775965e-17,3.666064474835019e-21
C,H,21,3888,9.01920312188128e-17,3.917527381051139e-21
C,H,22,3888,9.616818181421745e-17,5.082197683525802e-21
C,H,23,3888,9.502941195153369e-17,4.870439446712227e-21
C,H,24,3888,9.707096590055063e-17,4.446922973085077e-21
C,H,25,3888,9.807619518860925e-17,4.5263323118901674e-21
C,H,26,3888,8.964883984011697e-17,3.917527381051139e-21
C,H,27,3888,8.826274947203823e-17,4.5263323118901674e-21
C,H,28,3888,8.826274947203823e-17,4.5263323118901674e-21
C,H,29,3888,8.964883984011697e-17,3.917527381051139e-21
C,H,30,3888,9.807619518860925e-17,4.5263323118901674e-21
C,H,31,3888,9.707096590055063e-17,4.446922973085077e-21
C,H,32,3888,9.707096590055063e-17,4.446922973085077e-21
C,H,33,3888,9.807619518860925e-17,4.5263323118901674e-21
C,H,34,3888,8.964883984011697e-17,3.917527381051139e-21
C,H,35,3888,8.826274947203823e-17,4.5263323118901674e-21
C,H,36,3888,8.826274947203823e-17,4.5263323118901674e-21
C,H,37,3888,8.964883984011697e-17,3.917527381051139e-21
C,H,38,3888,9.807619518860925e-17,4.5263323118901674e-21
C,H,39,3888,9.707096590055063e-17,4.446922973085077e-21
C,H,40,3888,9.502941195153369e-17,4.870439446712227e-21
C,H,41,3888,9.616818181421745e-17,5.082197683525802e-21
C,H,42,3888,9.01920312188128e-17,3.917527381051139e-21
C,H,43,3888,9.229364757775965e-17,3.666064474835019e-21
C,H,44,3888,9.229364757775965e-17,3.666064474835019e-21
C,H,45,3888,9.01920312188128e-17,3.917527381051139e-21
C,H,46,3888,9.616818181421745e-17,5.082197683525802e-21
C,H,47,3888,9.502941195153369e-17,4.870439446712227e-21
C,H,48,3888,8.944571640392677e-17,4.658681209898652e-21
C,H,49,3888,9.001808599387448e-17,4.129285617864714e-21
C,H,50,3888,8.813175669052655e-17,4.129285617864714e-21
C,H,51,3888,9.40904498672517e-17,4.5263323118901674e-21
C,H,52,3888,9.40904498672517e-17,4.5263323118901674e-21
C,H,53,3888,8.813175669052655e-17,4.129285617864714e-21
C,H,54,3888,9.001808599387448e-17,4.129285617864714e-21
C,H,55,3888,8.944571640392677e-17,4.658681209898652e-21
C,H,56,3888,9.260124457406751e-17,5.082197683525802e-21
C,H,57,3888,9.672860776888319e-17,4.7645603283054394e-21
C,H,58,3888,9.484727127445246e-17,3.917527381051139e-21
C,H,59,3888,9.678824510137184e-17,4.446922973085077e-21
C,H,60,3888,9.678824510137184e-17,4.446922973085077e-21
C,H,61,3888,9.484727127445246e-17,3.917527381051139e-21
C,H,62,3888,9.672860776888319e-17,4.7645603283054394e-21
C,H,63,3888,9.260124457406751e-17,5.082197683525802e-21
C,C10,0,3888,0.0446771566989831,6.850957205407242e-07
C,C10,1,3888,0.03928806160477943,6.269887407955218e-07
C,C10,2,3888,0.035283379427262104,5.838480212986723e-07
C,C10,3,3888,0.03309431017849587,5.598886851491458e-07
C,C10,4,3888,0.03309431017849587,5.598886851491458e-07
C,C10,5,3888,0.035283379427262104,5.838480212986723e-07
C,C10,6,3888,0.03928806160477942,6.269887407955218e-07
C,C10,7,3888,0.0446771566989831,6.850957205407242e-07
C,C10,8,3888,0.03918882699643835,7.258449131988114e-07
C,C10,9,3888,0.032473253211742166,5.111906854872575e-07
C,C10,10,3888,0.027119501050456702,4.537105333258947e-07
C,C10,11,3888,0.0239423538520007,4.201171700389083e-07
C,C10,12,3888,0.0239423538520007,4.201171700389083e-07
C,C10,13,3888,0.027119501050456702,4.537105333258947e-07
C,C10,14,3888,0.032473253211742166,5.111906854872575e-07
C,C10,15,3888,0.03918882699643835,7.258449131988114e-07
C,C10,16,3888,0.03517934286786455,7.543535615070234e-07
C,C10,17,3888,0.027071214142989256,5.082197724374239e-07
C,C10,18,3888,0.019823691426879942,3.2141182367442924e-07
C,C10,19,3888,0.014953505997004391,2.6868205661101144e-07
C,C10,20,3888,0.014953505997004391,2.6868205661101144e-07
C,C10,21,3888,0.01982369142687994,3.2141182367442924e-07
C,C10,22,3888,0.027071214142989256,5.082197724374239e-07
C,C10,23,3888,0.03517934286786456,7.543535615070234e-07
C,C10,24,3888,0.0331605881222584,7.702980867050496e-07
C,C10,25,3888,0.023978349044833272,5.224747693108951e-07
C,C10,26,3888,0.014951771407853611,2.9751339893559883e-07
C,C10,27,3888,0.0067235083811917635,1.1229743538330571e-07
C,C10,28,3888,0.0067235083811917635,1.1229743538330571e-07
C,C10,29,3888,0.014951771407853615,2.9751339893559883e-07
C,C10,30,3888,0.023978349044833272,5.224747693108951e-07
C,C10,31,3888,0.0331605881222584,7.702980867050496e-07
C,C10,32,3888,0.033160588122258416,7.702980867050502e-07
C,C10,33,3888,0.02397834904483326,5.224747693108959e-07
C,C10,34,3888,0.014951771407853628,2.97513398935602e-07
C,C10,35,3888,0.006723508381191767,1.1229743538330378e-07
C,C10,36,3888,0.006723508381191767,1.1229743538330378e-07
C,C10,37,3888,0.014951771407853628,2.97513398935602e-07
C,C10,38,3888,0.023978349044833265,5.224747693108959e-07
C,C10,39,3888,0.03316058812225842,7.702980867050502e-07
C,C10,40,3888,0.035179342867864595,7.543535615070222e-07
C,C10,41,3888,0.02707121414298928,5.082197724374245e-07
C,C10,42,3888,0.01982369142687996,3.214118236744265e-07
C,C10,43,3888,0.014953505997004391,2.686820566110128e-07
C,C10,44,3888,0.014953505997004395,2.686820566110128e-07
C,C10,45,3888,0.01982369142687996,3.214118236744265e-07
C,C10,46,3888,0.027071214142989276,5.082197724374245e-07
C,C10,47,3888,0.0351793428678646,7.543535615070222e-07
C,C10,48,3888,0.03918882699643838,7.258449131988108e-07
C,C10,49,3888,0.03247325321174217,5.111906854872577e-07
C,C10,50,3888,0.027119501050456706,4.537105333258919e-07
C,C10,51,3888,0.023942353852000692,4.201171700389105e-07
C,C10,52,3888,0.023942353852000692,4.201171700389105e-07
C,C10,53,3888,0.02711950105045671,4.537105333258919e-07
C,C10,54,3888,0.03247325321174217,5.111906854872577e-07
C,C10,55,3888,0.03918882699643837,7.258449131988108e-07
C,C10,56,3888,0.04467715669898312,6.850957205407282e-07
C,C10,57,3888,0.039288061604779434,6.269887407955199e-07
C,C10,58,3888,0.035283379427262104,5.838480212986736e-07
C,C10,59,3888,0.033094310178495887,5.598886851491473e-07
C,C10,60,3888,0.033094310178495887,5.598886851491473e-07
C,C10,61,3888,0.035283379427262104,5.838480212986736e-07
C,C10,62,3888,0.039288061604779434,6.269887407955199e-07
C,C10,63,3888,0.04467715669898312,6.850957205407282e-07
C,C100,0,3888,0.05352411842155401,8.207582394596844e-07
C,C100,1,3888,0.04706787578394368,7.511449270916608e-07
C,C100,2,3888,0.04227018723464074,6.994614908627655e-07
C,C100,3,3888,0.039647638926712886,6.707577317133338e-07
C,C100,4,3888,0.039647638926712886,6.707577317133338e-07
C,C100,5,3888,0.04227018723464074,6.994614908627655e-07
C,C100,6,3888,0.047067875783943676,7.511449270916608e-07
C,C100,7,3888,0.05352411842155401,8.207582394596844e-07
C,C100,8,3888,0.04694899075810933,8.695765791787741e-07
C,C100,9,3888,0.0389036003823842,6.124165638015685e-07
C,C100,10,3888,0.032489699278269925,5.43554203291414e-07
C,C100,11,3888,0.028683414020713727,5.033086888584994e-07
C,C100,12,3888,0.028683414020713727,5.033086888584994e-07
C,C100,13,3888,0.03248969927826993,5.43554203291414e-07
C,C100,14,3888,0.0389036003823842,6.124165638015685e-07
C,C100,15,3888,0.04694899075810932,8.695765791787741e-07
C,C100,16,3888,0.0421455493763526,9.037305043797012e-07
C,C100,17,3888,0.03243185060694753,6.088573511379042e-07
C,C100,18,3888,0.02374917487774726,3.850577293525331e-07
C,C100,19,3888,0.01791459629344091,3.2188642425675806e-07
C,C100,20,3888,0.017914596293440905,3.2188642425675806e-07
C,C100,21,3888,0.02374917487774726,3.850577293525331e-07
C,C100,22,3888,0.03243185060694753,6.088573511379042e-07
C,C100,23,3888,0.042145549376352606,9.037305043797012e-07
C,C100,24,3888,0.039727041215774916,9.228323613001089e-07
C,C100,25,3888,0.028726536974503215,6.259351196694877e-07
C,C100,26,3888,0.017912518221289978,3.5642694327927915e-07
C,C100,27,3888,0.008054896179447555,1.345345513007918e-07
C,C100,28,3888,0.008054896179447555,1.345345513007918e-07
C,C100,29,3888,0.01791251822128998,3.5642694327927915e-07
C,C100,30,3888,0.028726536974503215,6.259351196694877e-07
C,C100,31,3888,0.039727041215774916,9.228323613001089e-07
C,C100,32,3888,0.039727041215774944,9.228323613001103e-07
C,C100,33,3888,0.028726536974503232,6.259351196694898e-07
C,C100,34,3888,0.017912518221289996,3.56426943279284e-07
C,C100,35,3888,0.00805489617944756,1.3453455130079082e-07
C,C100,36,3888,0.008054896179447558,1.3453455130079082e-07
C,C100,37,3888,0.017912518221289996,3.56426943279284e-07
C,C100,38,3888,0.028726536974503232,6.259351196694898e-07
C,C100,39,3888,0.039727041215774944,9.228323613001103e-07
C,C100,40,3888,0.04214554937635264,9.037305043796992e-07
C,C100,41,3888,0.03243185060694755,6.088573511379048e-07
C,C100,42,3888,0.02374917487774728,3.8505772935253035e-07
C,C100,43,3888,0.01791459629344091,3.218864242567572e-07
C,C100,44,3888,0.01791459629344091,3.218864242567572e-07
C,C100,45,3888,0.023749174877747282,3.8505772935253035e-07
C,C100,46,3888,0.032431850606947546,6.088573511379048e-07
C,C100,47,3888,0.04214554937635265,9.037305043796992e-07
C,C100,48,3888,0.04694899075810935,8.695765791787713e-07
C,C100,49,3888,0.03890360038238418,6.124165638015667e-07
C,C100,50,3888,0.03248969927826992,5.435542032914138e-07
C,C100,51,3888,0.02868341402071373,5.033086888584957e-07
C,C100,52,3888,0.028683414020713727,5.033086888584957e-07
C,C100,53,3888,0.03248969927826992,5.435542032914138e-07
C,C100,54,3888,0.03890360038238418,6.124165638015667e-07
C,C100,55,3888,0.046948990758109356,8.695765791787713e-07
C,C100,56,3888,0.05352411842155404,8.20758239459684e-07
C,C100,57,3888,0.04706787578394368,7.511449270916652e-07
C,C100,58,3888,0.042270187234640766,6.994614908627692e-07
C,C100,59,3888,0.03964763892671292,6.707577317133352e-07
C,C100,60,3888,0.03964763892671292,6.707577317133352e-07
C,C100,61,3888,0.042270187234640766,6.994614908627692e-07
C,C100,62,3888,0.04706787578394368,7.511449270916652e-07
C,C100,63,3888,0.05352411842155404,8.20758239459684e-07
