method,mesh,state,source_receiver_sides,count,background_null_count,weighted_squared_error_share
linear,A,C10,LL/LL,248,6,7.50955395469952e-05
linear,A,C10,LL/LR,703,2,0.007055382217548374
linear,A,C10,LL/RR,499,1,0.03743264739954184
linear,A,C10,LR/LL,321,6,0.00010390222108410794
linear,A,C10,LR/LR,1035,4,0.0067304325337635175
linear,A,C10,LR/RR,1083,11,0.9459132371690941
linear,A,C10,RR/LL,0,0,0.0
linear,A,C10,RR/LR,0,0,0.0
linear,A,C10,RR/RR,207,2,0.002689302919420696
p2,A,C10,LL/LL,248,6,0.00019469164127638153
p2,A,C10,LL/LR,703,2,0.008812988723346698
p2,A,C10,LL/RR,499,1,0.0712329115880801
p2,A,C10,LR/LL,321,6,0.0005223626781882785
p2,A,C10,LR/LR,1035,4,0.054164976999407276
p2,A,C10,LR/RR,1083,11,0.8639063406574445
p2,A,C10,RR/LL,0,0,0.0
p2,A,C10,RR/LR,0,0,0.0
p2,A,C10,RR/RR,207,2,0.0011657277122567884
linear,A,C100,LL/LL,248,6,7.521525051321345e-07
linear,A,C100,LL/LR,703,2,0.006793605495716137
linear,A,C100,LL/RR,499,1,0.037492319364287784
linear,A,C100,LR/LL,321,6,1.0406785322893984e-06
linear,A,C100,LR/LR,1035,4,0.005597560174500678
linear,A,C100,LR/RR,1083,11,0.9474211321554747
linear,A,C100,RR/LL,0,0,0.0
linear,A,C100,RR/LR,0,0,0.0
linear,A,C100,RR/RR,207,2,0.002693589978983311
p2,A,C100,LL/LL,248,6,1.9851961091558746e-06
p2,A,C100,LL/LR,703,2,0.008304489887702477
p2,A,C100,LL/RR,499,1,0.0686467024685074
p2,A,C100,LR/LL,321,6,5.263558108313509e-06
p2,A,C100,LR/LR,1035,4,0.05228782736086766
p2,A,C100,LR/RR,1083,11,0.8694498905715375
p2,A,C100,RR/LL,0,0,0.0
p2,A,C100,RR/LR,0,0,0.0
p2,A,C100,RR/RR,207,2,0.0013038409571675218
linear,C,C10,LL/LL,248,6,7.51739055053586e-05
linear,C,C10,LL/LR,703,2,0.007462353254341955
linear,C,C10,LL/RR,499,1,0.037868282846438776
linear,C,C10,LR/LL,321,6,0.00010526651426940284
linear,C,C10,LR/LR,1035,4,0.006887856787776966
linear,C,C10,LR/RR,1083,11,0.9449175377008587
linear,C,C10,RR/LL,0,0,0.0
linear,C,C10,RR/LR,0,0,0.0
linear,C,C10,RR/RR,207,2,0.002683528990808538
p2,C,C10,LL/LL,248,6,0.0001931619106556463
p2,C,C10,LL/LR,703,2,0.007844944202233773
p2,C,C10,LL/RR,499,1,0.06888931280949698
p2,C,C10,LR/LL,321,6,0.000516227039470031
p2,C,C10,LR/LR,1035,4,0.054587682727087625
p2,C,C10,LR/RR,1083,11,0.8667768747021233
p2,C,C10,RR/LL,0,0,0.0
p2,C,C10,RR/LR,0,0,0.0
p2,C,C10,RR/RR,207,2,0.0011917966089329418
linear,C,C100,LL/LL,248,6,7.529980253079241e-07
linear,C,C100,LL/LR,703,2,0.007166528164903864
linear,C,C100,LL/RR,499,1,0.037931702514962876
linear,C,C100,LR/LL,321,6,1.0544280870319062e-06
linear,C,C100,LR/LR,1035,4,0.005711906275874605
linear,C,C100,LR/RR,1083,11,0.9465000324040389
linear,C,C100,RR/LL,0,0,0.0
linear,C,C100,RR/LR,0,0,0.0
linear,C,C100,RR/RR,207,2,0.002688023214107362
p2,C,C100,LL/LL,248,6,1.971092451739651e-06
p2,C,C100,LL/LR,703,2,0.007367034844388992
p2,C,C100,LL/RR,499,1,0.06654449272112657
p2,C,C100,LR/LL,321,6,5.205196661112892e-06
p2,C,C100,LR/LR,1035,4,0.05235831541244175
p2,C,C100,LR/RR,1083,11,0.8723470727842929
p2,C,C100,RR/LL,0,0,0.0
p2,C,C100,RR/LR,0,0,0.0
p2,C,C100,RR/RR,207,2,0.0013759079486370658
