transform,i,j,orientation_sign,shift_y_m,mesh,state,method,reference_difference_v,native_difference_v,normalized_difference,source_receiver_swap
translation_y,14,267,1,3,A,H,linear,0.0,0.0,0.0,False
translation_y,14,267,1,3,A,H,p2,0.0,1.734723475976807e-18,7.038908840327519e-14,False
translation_y,14,267,1,3,A,C10,linear,0.0,-7.507937022002004e-08,-0.0030464615835693416,False
translation_y,14,267,1,3,A,C10,p2,0.0,5.260861742767409e-09,0.0002134676030025747,False
translation_y,14,267,1,3,A,C100,linear,0.0,-5.929385112090658e-07,-0.024059397282151798,False
translation_y,14,267,1,3,A,C100,p2,0.0,-5.3012524556771135e-09,-0.00021510651865745833,False
translation_y,14,267,1,3,C,H,linear,0.0,0.0,0.0,False
translation_y,14,267,1,3,C,H,p2,0.0,8.673617379884035e-19,3.5194544201637595e-14,False
translation_y,14,267,1,3,C,C10,linear,0.0,-6.5247931556843e-08,-0.002647535752001822,False
translation_y,14,267,1,3,C,C10,p2,0.0,1.949408943774031e-08,0.0007910028334641626,False
translation_y,14,267,1,3,C,C100,linear,0.0,-5.119605411456687e-07,-0.020773590885659336,False
translation_y,14,267,1,3,C,C100,p2,0.0,1.1174802640179227e-07,0.0045343490292353945,False
reflection_y,50,1558,1,0,A,H,linear,0.0,-2.168404344971009e-19,-4.332508993750896e-14,False
reflection_y,50,1558,1,0,A,H,p2,0.0,3.2526065174565133e-19,6.498763490626344e-14,False
reflection_y,50,1558,1,0,A,C10,linear,0.0,4.0115480381963664e-18,8.015141638439157e-13,False
reflection_y,50,1558,1,0,A,C10,p2,0.0,-4.130078816325946e-06,-0.8251968161810452,False
reflection_y,50,1558,1,0,A,C100,linear,0.0,3.729655473350135e-17,7.451915469251541e-12,False
reflection_y,50,1558,1,0,A,C100,p2,0.0,-4.98607101348552e-05,-9.962255222143764,False
reflection_y,50,1558,1,0,C,H,linear,0.0,-3.2526065174565133e-19,-6.498763490626344e-14,False
reflection_y,50,1558,1,0,C,H,p2,0.0,-2.710505431213761e-18,-5.41563624218862e-13,False
reflection_y,50,1558,1,0,C,C10,linear,0.0,2.8189256484623115e-18,5.632261691876164e-13,False
reflection_y,50,1558,1,0,C,C10,p2,0.0,-4.133060742935769e-06,-0.8257926102212909,False
reflection_y,50,1558,1,0,C,C100,linear,0.0,3.361026734705064e-17,6.715388940313889e-12,False
reflection_y,50,1558,1,0,C,C100,p2,0.0,-4.990314625333758e-05,-9.970734031246465,False
translation_y,142,400,1,3,A,H,linear,0.0,2.2213439041744026e-19,2.2209945688699803e-13,False
translation_y,142,400,1,3,A,H,p2,0.0,2.2204968712271483e-18,2.220147669129706e-12,False
translation_y,142,400,1,3,A,C10,linear,0.0,-1.2186152117459276e-06,-1.2184235686081097,False
translation_y,142,400,1,3,A,C10,p2,0.0,2.8523624464433205e-10,0.0002851913875242041,False
translation_y,142,400,1,3,A,C100,linear,0.0,-1.4599251547564476e-06,-1.459695562482414,False
translation_y,142,400,1,3,A,C100,p2,0.0,3.43837084834913e-10,0.0003437830119682683,False
translation_y,142,400,1,3,C,H,linear,0.0,0.0,0.0,False
translation_y,142,400,1,3,C,H,p2,0.0,2.109535555136835e-18,2.1092038031537413e-12,False
translation_y,142,400,1,3,C,C10,linear,0.0,-1.1672660788304343e-06,-1.1670825110135719,False
translation_y,142,400,1,3,C,C10,p2,0.0,4.920562964995747e-08,0.04919789142285056,False
translation_y,142,400,1,3,C,C100,linear,0.0,-1.39840787678877e-06,-1.3981879589091357,False
translation_y,142,400,1,3,C,C100,p2,0.0,5.89443677805274e-08,0.058935098009816125,False
reflection_y,276,1371,1,0,A,H,linear,0.0,1.5178830414797062e-18,1.1610909639128878e-13,False
reflection_y,276,1371,1,0,A,H,p2,0.0,-3.0791341698588326e-17,-2.355355955366144e-12,False
reflection_y,276,1371,1,0,A,C10,linear,0.0,1.3010426069826053e-18,9.952208262110467e-14,False
reflection_y,276,1371,1,0,A,C10,p2,0.0,-1.2819703819615287e-07,-0.009806316994281966,False
reflection_y,276,1371,1,0,A,C100,linear,0.0,1.5178830414797062e-18,1.1610909639128878e-13,False
reflection_y,276,1371,1,0,A,C100,p2,0.0,-1.6047739426466173e-07,-0.012275573763004966,False
reflection_y,276,1371,1,0,C,H,linear,0.0,1.0842021724855044e-18,8.293506885092056e-14,False
reflection_y,276,1371,1,0,C,H,p2,0.0,-2.7972416050126014e-17,-2.13972477635375e-12,False
reflection_y,276,1371,1,0,C,C10,linear,0.0,8.673617379884035e-19,6.634805508073645e-14,False
reflection_y,276,1371,1,0,C,C10,p2,0.0,-1.2869648787698466e-07,-0.009844521947858472,False
reflection_y,276,1371,1,0,C,C100,linear,0.0,2.168404344971009e-19,1.6587013770184112e-14,False
reflection_y,276,1371,1,0,C,C100,p2,0.0,-1.6112314562850144e-07,-0.012324969932077242,False
translation_y,596,831,1,3,A,H,linear,0.0,-2.6020852139652106e-18,-6.86611301923518e-14,False
translation_y,596,831,1,3,A,H,p2,0.0,-1.734723475976807e-18,-4.57740867949012e-14,False
translation_y,596,831,1,3,A,C10,linear,0.0,-6.460713446424134e-06,-0.17047861641872278,False
translation_y,596,831,1,3,A,C10,p2,0.0,-2.6960447141229776e-06,-0.0711404361883725,False
translation_y,596,831,1,3,A,C100,linear,0.0,-7.482483002876732e-05,-1.974400134420223,False
translation_y,596,831,1,3,A,C100,p2,0.0,-3.636200713982851e-05,-0.95948299190342,False
translation_y,596,831,1,3,C,H,linear,0.0,-1.734723475976807e-18,-4.57740867949012e-14,False
translation_y,596,831,1,3,C,H,p2,0.0,-1.734723475976807e-18,-4.57740867949012e-14,False
translation_y,596,831,1,3,C,C10,linear,0.0,-6.365420947777867e-06,-0.16796413663889442,False
translation_y,596,831,1,3,C,C10,p2,0.0,-2.608508191910726e-06,-0.06883061308344728,False
translation_y,596,831,1,3,C,C100,linear,0.0,-7.375842594838956e-05,-1.9462609677981992,False
translation_y,596,831,1,3,C,C100,p2,0.0,-3.537076578526491e-05,-0.933327141459913,False
translation_y,812,1017,1,3,A,H,linear,0.0,-2.168404344971009e-19,-1.1920126468484898e-14,False
translation_y,812,1017,1,3,A,H,p2,0.0,-8.673617379884035e-18,-4.76805058739396e-13,False
translation_y,812,1017,1,3,A,C10,linear,0.0,5.085478557198325e-05,2.795583199008145,False
translation_y,812,1017,1,3,A,C10,p2,0.0,1.2732551036911954e-06,0.06999322749856332,False
translation_y,812,1017,1,3,A,C100,linear,0.0,0.0006038261815073764,33.193460736431405,False
translation_y,812,1017,1,3,A,C100,p2,0.0,1.5754554461339023e-05,0.8660574863232204,False
translation_y,812,1017,1,3,C,H,linear,0.0,0.0,0.0,False
translation_y,812,1017,1,3,C,H,p2,0.0,-1.1492543028346347e-17,-6.317667028296996e-13,False
translation_y,812,1017,1,3,C,C10,linear,0.0,5.031439216058534e-05,2.7658767569345604,False
translation_y,812,1017,1,3,C,C10,p2,0.0,8.048699013905869e-07,0.0442452120957221,False
translation_y,812,1017,1,3,C,C100,linear,0.0,0.0005974227384236324,32.8414514279784,False
translation_y,812,1017,1,3,C,C100,p2,0.0,1.0156352443946304e-05,0.5583137936018304,False
translation_y,1317,1515,1,3,A,H,linear,0.0,-4.336808689942018e-19,-2.0094985016033552e-14,False
translation_y,1317,1515,1,3,A,H,p2,0.0,-2.168404344971009e-18,-1.0047492508016776e-13,False
translation_y,1317,1515,1,3,A,C10,linear,0.0,-5.077233936716385e-07,-0.023525810607656038,False
translation_y,1317,1515,1,3,A,C10,p2,0.0,-9.846977883781749e-08,-0.004562683926702184,False
translation_y,1317,1515,1,3,A,C100,linear,0.0,-5.863344547329952e-06,-0.27168323356226415,False
translation_y,1317,1515,1,3,A,C100,p2,0.0,-1.1903401047619333e-06,-0.05515545710985619,False
translation_y,1317,1515,1,3,C,H,linear,0.0,-1.3010426069826053e-18,-6.028495504810066e-14,False
translation_y,1317,1515,1,3,C,H,p2,0.0,4.336808689942018e-19,2.0094985016033552e-14,False
translation_y,1317,1515,1,3,C,C10,linear,0.0,-3.8331434634719663e-07,-0.017761207830407192,False
translation_y,1317,1515,1,3,C,C10,p2,0.0,1.7821667037953848e-08,0.0008257826380928269,False
translation_y,1317,1515,1,3,C,C100,linear,0.0,-4.401120480890253e-06,-0.20392979363456873,False
translation_y,1317,1515,1,3,C,C100,p2,0.0,1.775357801325761e-07,0.008226276731661967,False
translation_y,2022,2188,1,3,A,H,linear,0.0,3.2526065174565133e-19,4.861361776407041e-14,False
translation_y,2022,2188,1,3,A,H,p2,0.0,5.421010862427522e-19,8.102269627345068e-14,False
translation_y,2022,2188,1,3,A,C10,linear,0.0,2.6399029136141283e-07,0.039456119419280115,False
translation_y,2022,2188,1,3,A,C10,p2,0.0,6.999241766031394e-09,0.0010461101335990804,False
translation_y,2022,2188,1,3,A,C100,linear,0.0,3.162655965796568e-06,0.47269212373318337,False
translation_y,2022,2188,1,3,A,C100,p2,0.0,9.082690750894518e-08,0.01357503448583516,False
translation_y,2022,2188,1,3,C,H,linear,0.0,5.421010862427522e-19,8.102269627345068e-14,False
translation_y,2022,2188,1,3,C,H,p2,0.0,8.673617379884035e-19,1.296363140375211e-13,False
translation_y,2022,2188,1,3,C,C10,linear,0.0,2.61723227285883e-07,0.03911728290209621,False
translation_y,2022,2188,1,3,C,C10,p2,0.0,5.2566522593111564e-09,0.0007856618446814824,False
translation_y,2022,2188,1,3,C,C100,linear,0.0,3.1354960892404637e-06,0.4686327951598327,False
translation_y,2022,2188,1,3,C,C100,p2,0.0,7.00196013392329e-08,0.010465164222077073,False
translation_y,2547,2666,1,3,A,H,linear,0.0,-2.439454888092385e-19,-1.2652838254477178e-13,False
translation_y,2547,2666,1,3,A,H,p2,0.0,1.5720931501039814e-18,8.15405131955196e-13,False
translation_y,2547,2666,1,3,A,C10,linear,0.0,1.1818799543061994e-06,0.613011372788251,False
translation_y,2547,2666,1,3,A,C10,p2,0.0,5.85705612943287e-08,0.030379075347878166,False
translation_y,2547,2666,1,3,A,C100,linear,0.0,1.4159155888216531e-05,7.343997634390654,False
translation_y,2547,2666,1,3,A,C100,p2,0.0,5.471743546583627e-07,0.2838055600160785,False
translation_y,2547,2666,1,3,C,H,linear,0.0,-2.168404344971009e-19,-1.1246967337313048e-13,False
translation_y,2547,2666,1,3,C,H,p2,0.0,6.776263578034403e-19,3.5146772929103276e-13,False
translation_y,2547,2666,1,3,C,C10,linear,0.0,1.1257053454491895e-06,0.5838750176399876,False
translation_y,2547,2666,1,3,C,C10,p2,0.0,1.5616767120359837e-08,0.008100023878132365,False
translation_y,2547,2666,1,3,C,C100,linear,0.0,1.3486172950437879e-05,6.994938330146054,False
translation_y,2547,2666,1,3,C,C100,p2,0.0,3.273532464065712e-08,0.0169789886219183,False
translation_y,3345,3427,1,3,A,H,linear,0.0,-1.0842021724855044e-19,-2.1520522485869898e-14,False
translation_y,3345,3427,1,3,A,H,p2,0.0,4.228388472693467e-18,8.393003769489261e-13,False
translation_y,3345,3427,1,3,A,C10,linear,0.0,2.9024852400332066e-06,0.5761194771436896,False
translation_y,3345,3427,1,3,A,C10,p2,0.0,3.5178532384739884e-07,0.06982649697797197,False
translation_y,3345,3427,1,3,A,C100,linear,0.0,3.477234792530551e-05,6.90202541927699,False
translation_y,3345,3427,1,3,A,C100,p2,0.0,4.23245732752639e-06,0.8401080112088991,False
translation_y,3345,3427,1,3,C,H,linear,0.0,6.505213034913027e-19,1.291231349152194e-13,False
translation_y,3345,3427,1,3,C,H,p2,0.0,3.903127820947816e-18,7.747388094913163e-13,False
translation_y,3345,3427,1,3,C,C10,linear,0.0,2.659909045614299e-06,0.5279700952386405,False
translation_y,3345,3427,1,3,C,C10,p2,0.0,1.3617689075787372e-07,0.027029994165132073,False
translation_y,3345,3427,1,3,C,C100,linear,0.0,3.1866237081196874e-05,6.325186289507525,False
translation_y,3345,3427,1,3,C,C100,p2,0.0,1.6502538050695847e-06,0.3275618239906006,False
reflection_y,3646,3786,1,0,A,H,linear,0.0,8.673617379884035e-19,1.3235882399961162e-13,False
reflection_y,3646,3786,1,0,A,H,p2,0.0,1.0842021724855044e-18,1.6544852999951453e-13,False
reflection_y,3646,3786,1,0,A,C10,linear,0.0,6.938893903907228e-18,1.058870591996893e-12,False
reflection_y,3646,3786,1,0,A,C10,p2,0.0,-1.1563497270720285e-05,-1.7645819881620355,False
reflection_y,3646,3786,1,0,A,C100,linear,0.0,3.469446951953614e-17,5.294352959984465e-12,False
reflection_y,3646,3786,1,0,A,C100,p2,0.0,-0.00013878279055282855,-21.17816148030545,False
reflection_y,3646,3786,1,0,C,H,linear,0.0,1.1926223897340549e-18,1.81993382999466e-13,False
reflection_y,3646,3786,1,0,C,H,p2,0.0,4.336808689942018e-19,6.617941199980581e-14,False
reflection_y,3646,3786,1,0,C,C10,linear,0.0,2.6020852139652106e-18,3.970764719988349e-13,False
reflection_y,3646,3786,1,0,C,C10,p2,0.0,-1.1563843349756374e-05,-1.7646347995926317,False
reflection_y,3646,3786,1,0,C,C100,linear,0.0,4.85722573273506e-17,7.412094143978252e-12,False
reflection_y,3646,3786,1,0,C,C100,p2,0.0,-0.0001387884040696119,-21.179018099230873,False
